game_date,away,home,team,goalie,status,updated
2026-10-08,CHI,NYI,CHI,Spencer Knight,Expected,"Oct 8, 4:23 AM"
2026-10-08,CHI,NYI,NYI,Ilya Sorokin,Confirmed,"Oct 8, 4:23 AM"
2026-10-08,COL,CGY,CGY,Dustin Wolf,Expected,"Oct 8, 4:23 AM"
2026-10-08,COL,CGY,COL,Scott Wedgewood,Expected,"Oct 8, 4:23 AM"
2026-10-08,DAL,BUF,BUF,Ukko-Pekka Luukkonen,Expected,"Oct 8, 4:23 AM"
2026-10-08,DAL,BUF,DAL,Jake Oettinger,Expected,"Oct 8, 4:23 AM"
2026-10-08,MIN,TBL,MIN,Jesper Wallstedt,Expected,"Oct 8, 4:23 AM"
2026-10-08,MIN,TBL,TBL,Andrei Vasilevskiy,Expected,"Oct 8, 4:23 AM"
2026-10-08,NSH,MTL,MTL,Jakub Dobes,Expected,"Oct 8, 4:23 AM"
2026-10-08,NSH,MTL,NSH,Juuse Saros,Confirmed,"Oct 8, 4:23 AM"
2026-10-08,PHI,OTT,OTT,Linus Ullmark,Expected,"Oct 8, 4:23 AM"
2026-10-08,PHI,OTT,PHI,Dan Vladar,Expected,"Oct 8, 4:23 AM"
2026-10-08,SJS,STL,SJS,Yaroslav Askarov,Expected,"Oct 8, 4:23 AM"
2026-10-08,SJS,STL,STL,Joel Hofer,Expected,"Oct 8, 4:23 AM"
2026-10-08,TOR,VGK,TOR,Sergei Bobrovsky,Expected,"Oct 8, 4:23 AM"
2026-10-08,TOR,VGK,VGK,Carter Hart,Expected,"Oct 8, 4:23 AM"
2026-10-08,UTA,BOS,BOS,Jeremy Swayman,Expected,"Oct 8, 4:23 AM"
2026-10-08,UTA,BOS,UTA,Karel Vejmelka,Expected,"Oct 8, 4:23 AM"
2026-10-08,VAN,CAR,CAR,Brandon Bussi,Expected,"Oct 8, 4:23 AM"
2026-10-08,VAN,CAR,VAN,Kevin Lankinen,Expected,"Oct 8, 4:23 AM"
