team,player,pos,status,injury
ANA,Drew Helleson,D,IR,Lower Body
ANA,Ian Moore,D,IR,Lower Body
ANA,Troy Terry,RW,IR,Hip
BOS,Charlie McAvoy,D,Suspension,Suspension
BUF,Alex Lyon,G,IR,Upper Body
BUF,Conor Timmins,D,IR,Lower Body
BUF,Jack Rathbone,D,IR,Undisclosed
BUF,Jason Zucker,LW,IR,Abdomen
BUF,Topias Leinonen,G,IR,Lower Body
CAR,Alexander Nikishin,D,Out,Contract Dispute
CAR,Seth Jarvis,C,IR,Shoulder
CGY,Jonathan Huberdeau,LW,IR,Hip
CHI,Andrew Mangiapane,LW,IR,Lower Body
CHI,Connor Bedard,C,IR,Shoulder
CHI,Teuvo Teravainen,C,Out,Undisclosed
COL,Georgii Merkulov,C,IR,Undisclosed
COL,Logan O'Connor,RW,IR,Lower Body
COL,Trent Miner,G,IR,Undisclosed
DAL,Cameron Hughes,C,IR,Upper Body
DAL,Harrison Scott,C,IR,Undisclosed
DAL,Joel Kiviranta,LW,Out,Lower Body
DAL,Luke Krys,D,IR,Undisclosed
DAL,Matt Duchene,C,IR,Lower Body
DET,Carter Bear,LW,IR,Upper Body
DET,J.T. Compher,LW,IR,Undisclosed
DET,Marco Kasper,C,IR,Upper Body
DET,Mason Appleton,C,IR,Undisclosed
DET,Simon Edvinsson,D,Out,Contract Dispute
EDM,Alec Regula,D,IR,Undisclosed
EDM,Atro Leppanen,D,IR,Undisclosed
EDM,Colton Dach,C,IR,Undisclosed
EDM,Frederik Andersen,G,IR,Knee
EDM,James Stefan,RW,IR,Undisclosed
EDM,Matt Savoie,C,IR,Lower Body
EDM,Mattias Janmark,C,IR,Undisclosed
EDM,Ryan Nugent-Hopkins,C,IR,Lower Body
EDM,Zach Hyman,LW,Out,Undisclosed
FLA,Aaron Ekblad,D,Day-To-Day,Personal
FLA,Aleksander Barkov,C,IR,Lower Body
FLA,Brad Marchand,LW,Day-To-Day,Leg
FLA,Jonah Gadjovich,LW,IR,Upper Body
LAK,Jakub Dvorak,D,IR,Upper Body
LAK,Jan Jenik,C,IR,Undisclosed
LAK,Kevin Fiala,LW,IR,Lower Leg
MIN,Brock Faber,D,IR,Skull
MIN,Filip Gustavsson,G,IR,Hip
MIN,Nick Foligno,LW,Out,Upper Body
MIN,Olli Maatta,D,Out,Lower Body
NJD,Connor Brown,RW,Out,Lower Body
NJD,Johnathan Kovacevic,D,IR,Knee
NJD,Jonas Siegenthaler,D,Day-To-Day,Undisclosed
NJD,Nick Bjugstad,C,IR,Pectoral
NJD,Seamus Casey,D,IR,Knee
NSH,Justus Annunen,G,IR,Undisclosed
NSH,Mavrik Bourque,C,Day-To-Day,Upper Body
NSH,William Trudeau,D,Day-To-Day,Upper Body
NYI,Alexander Romanov,D,Out,Knee
NYI,Mathew Barzal,C,IR,Knee
NYR,Adam Sykora,LW,IR,Lower Body
NYR,Aidan Thompson,C,IR,Undisclosed
NYR,Joe Veleno,C,IR,Lower Body
NYR,Joonas Korpisalo,G,IR,Lower Body
OTT,Andre Burakovsky,LW,IR,Upper Body
OTT,Artem Zub,D,IR,Knee
OTT,Cameron Crotty,D,Out,Illness
OTT,Jake Sanderson,D,Out,Lower Body
OTT,Kurtis MacDermid,LW,IR,Upper Body
OTT,William Eklund,LW,Day-To-Day,Lower Body
PHI,Helge Grans,D,IR,Lower Body
PHI,Nikita Grebenkin,RW,IR,Upper Body
PHI,Rasmus Ristolainen,D,Out,Undisclosed
PIT,Andrei Kuzmenko,LW,IR,Personal
PIT,Justin Brazeau,RW,IR,Lower Body
PIT,Ryan Graves,D,IR,Knee
SEA,Jacob Melanson,RW,IR,Upper Body
SEA,Jake O'Brien,C,IR,Lower Body
SEA,Ryan Lindgren,D,IR,Upper Body
SJS,Adam Gaudette,RW,IR,Upper Body
SJS,Alex Barre-Boulet,C,IR,Undisclosed
SJS,Cam Lund,C,IR,Upper Body
SJS,Kyle Keyser,G,IR,Upper Body
SJS,Macklin Celebrini,C,Out,Lower Body
SJS,Quentin Musty,LW,IR,Upper Body
STL,Alexey Toropchenko,RW,IR,Upper Body
STL,Felix Trudeau,LW,IR,Undisclosed
STL,Logan Mailloux,D,IR,Hand
STL,Tyler Tucker,D,IR,Knee
TBL,Dominic James,C,IR,Hand
TBL,Emil Lilleberg,D,Out,Undisclosed
TBL,Yanni Gourde,C,IR,Hip
TOR,Cade Webber,D,IR,Elbow
TOR,Dakota Joshua,C,IR,Abdomen
TOR,Elvis Merzlikins,G,IR,Shoulder
TOR,Max Domi,C,IR,Back
TOR,William Villeneuve,D,IR,Knee
UTA,Maveric Lamoureux,D,IR,Shoulder
VAN,Akil Thomas,C,IR,Undisclosed
VAN,Filip Chytil,C,IR,Shoulder
VAN,Jack Thompson,D,IR,Undisclosed
VAN,Mackenzie MacEachern,LW,IR,Undisclosed
VAN,Thatcher Demko,G,IR,Hip
VGK,Lukas Cormier,D,IR,Undisclosed
VGK,Victor Olofsson,LW,Out,Undisclosed
WPG,Connor Hellebuyck,G,IR,Suspension
WPG,Elias Salomonsson,D,IR,Shoulder
WPG,Garrett Brown,C,IR,Lower Body
WPG,Josh Morrissey,D,Day-To-Day,Upper Body
WPG,Walker Duehr,RW,IR,Lower Body
WSH,Matt Roy,D,Day-To-Day,Lower Body
WSH,Patrick Thomas,C,IR,Upper Body
WSH,Rasmus Sandin,D,IR,Knee
