team,player_id,first_name,last_name,position,games,goals,points,headshot
ANA,8483445,Cutter,Gauthier,L,76,41,69,https://assets.nhle.com/mugs/nhl/20252026/ANA/8483445.png
BOS,8477956,David,Pastrnak,R,77,29,100,https://assets.nhle.com/mugs/nhl/20252026/BOS/8477956.png
BUF,8479420,Tage,Thompson,C,81,40,81,https://assets.nhle.com/mugs/nhl/20252026/BUF/8479420.png
CAR,8478427,Sebastian,Aho,C,79,27,80,https://assets.nhle.com/mugs/nhl/20252026/CAR/8478427.png
CBJ,8478460,Zach,Werenski,D,75,22,81,https://assets.nhle.com/mugs/nhl/20252026/CBJ/8478460.png
CGY,8482679,Matt,Coronato,R,80,18,45,https://assets.nhle.com/mugs/nhl/20252026/CGY/8482679.png
CHI,8484144,Connor,Bedard,C,69,30,75,https://assets.nhle.com/mugs/nhl/20252026/CHI/8484144.png
COL,8477492,Nathan,MacKinnon,C,80,53,127,https://assets.nhle.com/mugs/nhl/20252026/COL/8477492.png
DAL,8480027,Jason,Robertson,L,82,45,96,https://assets.nhle.com/mugs/nhl/20252026/DAL/8480027.png
DET,8479337,Alex,DeBrincat,R,82,41,85,https://assets.nhle.com/mugs/nhl/20252026/DET/8479337.png
EDM,8478402,Connor,McDavid,C,82,48,138,https://assets.nhle.com/mugs/nhl/20252026/EDM/8478402.png
FLA,8477933,Sam,Reinhart,C,64,29,61,https://assets.nhle.com/mugs/nhl/20252026/FLA/8477933.png
LAK,8477960,Adrian,Kempe,R,81,36,73,https://assets.nhle.com/mugs/nhl/20252026/LAK/8477960.png
MIN,8478864,Kirill,Kaprizov,L,78,45,89,https://assets.nhle.com/mugs/nhl/20252026/MIN/8478864.png
MTL,8480018,Nick,Suzuki,C,82,29,101,https://assets.nhle.com/mugs/nhl/20252026/MTL/8480018.png
NJD,8481559,Jack,Hughes,C,61,27,77,https://assets.nhle.com/mugs/nhl/20252026/NJD/8481559.png
NSH,8476887,Filip,Forsberg,L,82,40,75,https://assets.nhle.com/mugs/nhl/20252026/NSH/8476887.png
NYI,8478445,Mathew,Barzal,C,81,19,72,https://assets.nhle.com/mugs/nhl/20252026/NYI/8478445.png
NYR,8476459,Mika,Zibanejad,C,81,34,78,https://assets.nhle.com/mugs/nhl/20252026/NYR/8476459.png
OTT,8482116,Tim,Stützle,C,80,34,83,https://assets.nhle.com/mugs/nhl/20252026/OTT/8482116.png
PHI,8478439,Travis,Konecny,R,77,27,68,https://assets.nhle.com/mugs/nhl/20252026/PHI/8478439.png
PIT,8471675,Sidney,Crosby,C,68,29,74,https://assets.nhle.com/mugs/nhl/20252026/PIT/8471675.png
SEA,8474586,Jordan,Eberle,R,80,26,55,https://assets.nhle.com/mugs/nhl/20252026/SEA/8474586.png
SJS,8484801,Macklin,Celebrini,C,82,45,115,https://assets.nhle.com/mugs/nhl/20252026/SJS/8484801.png
STL,8480023,Robert,Thomas,C,64,25,64,https://assets.nhle.com/mugs/nhl/20252026/STL/8480023.png
TBL,8476453,Nikita,Kucherov,R,76,44,130,https://assets.nhle.com/mugs/nhl/20252026/TBL/8476453.png
TOR,8477939,William,Nylander,R,65,30,79,https://assets.nhle.com/mugs/nhl/20252026/TOR/8477939.png
UTA,8479343,Clayton,Keller,R,82,26,88,https://assets.nhle.com/mugs/nhl/20252026/UTA/8479343.png
VAN,8480012,Elias,Pettersson,C,74,15,51,https://assets.nhle.com/mugs/nhl/20252026/VAN/8480012.png
VGK,8478403,Jack,Eichel,C,74,27,90,https://assets.nhle.com/mugs/nhl/20252026/VGK/8478403.png
WPG,8476460,Mark,Scheifele,C,82,36,103,https://assets.nhle.com/mugs/nhl/20252026/WPG/8476460.png
WSH,8471214,Alex,Ovechkin,L,82,32,64,https://assets.nhle.com/mugs/nhl/20252026/WSH/8471214.png
