game_id,game_date,start_utc,away,home,away_score,home_score,last_period
2026020001,2026-09-29,2026-09-29T21:00:00Z,FLA,CAR,1,0,OT
2026020002,2026-09-29,2026-09-29T23:00:00Z,MTL,TOR,,,
2026020003,2026-09-29,2026-09-30T00:00:00Z,NYR,BOS,,,
2026020004,2026-09-29,2026-09-30T02:00:00Z,VAN,EDM,,,
2026020005,2026-09-29,2026-09-30T02:30:00Z,CHI,VGK,,,
2026020006,2026-09-30,2026-09-30T23:30:00Z,PIT,PHI,,,
2026020007,2026-09-30,2026-10-01T02:00:00Z,LAK,COL,,,
2026020008,2026-09-30,2026-09-30T23:30:00Z,NYI,TOR,,,
2026020009,2026-10-01,2026-10-01T23:00:00Z,PHI,NJD,,,
2026020010,2026-10-01,2026-10-01T23:00:00Z,TBL,NYR,,,
2026020011,2026-10-01,2026-10-01T23:00:00Z,BUF,CBJ,,,
2026020012,2026-10-01,2026-10-02T00:00:00Z,MIN,NSH,,,
2026020013,2026-10-01,2026-10-02T01:30:00Z,CHI,UTA,,,
2026020014,2026-10-01,2026-10-02T01:00:00Z,SEA,CGY,,,
2026020015,2026-10-01,2026-10-02T02:00:00Z,EDM,VAN,,,
2026020016,2026-10-01,2026-10-02T02:00:00Z,FLA,SJS,,,
2026020017,2026-10-02,2026-10-02T22:30:00Z,NYR,DET,,,
2026020018,2026-10-02,2026-10-02T23:00:00Z,WSH,CAR,,,
2026020019,2026-10-02,2026-10-03T00:00:00Z,BOS,WPG,,,
2026020020,2026-10-02,2026-10-03T01:00:00Z,STL,DAL,,,
2026020021,2026-10-02,2026-10-03T02:00:00Z,ANA,VGK,,,
2026020022,2026-10-03,2026-10-03T23:00:00Z,CHI,BUF,,,
2026020023,2026-10-03,2026-10-03T23:00:00Z,OTT,TOR,,,
2026020024,2026-10-03,2026-10-03T23:00:00Z,WSH,TBL,,,
2026020025,2026-10-03,2026-10-03T23:00:00Z,CAR,PHI,,,
2026020026,2026-10-03,2026-10-03T23:00:00Z,MTL,PIT,,,
2026020027,2026-10-03,2026-10-03T23:00:00Z,UTA,CBJ,,,
2026020028,2026-10-03,2026-10-03T23:00:00Z,SEA,EDM,,,
2026020029,2026-10-03,2026-10-03T23:30:00Z,NJD,NYI,,,
2026020030,2026-10-03,2026-10-04T00:00:00Z,DAL,NSH,,,
2026020031,2026-10-03,2026-10-04T00:00:00Z,BOS,MIN,,,
2026020032,2026-10-03,2026-10-04T01:00:00Z,STL,COL,,,
2026020033,2026-10-03,2026-10-04T02:00:00Z,CGY,VAN,,,
2026020034,2026-10-03,2026-10-04T02:00:00Z,LAK,SJS,,,
2026020035,2026-10-04,2026-10-04T17:00:00Z,WPG,DET,,,
2026020036,2026-10-04,2026-10-04T22:00:00Z,UTA,NYR,,,
2026020037,2026-10-04,2026-10-05T00:00:00Z,FLA,ANA,,,
2026020038,2026-10-04,2026-10-05T00:00:00Z,CGY,SEA,,,
2026020039,2026-10-04,2026-10-05T01:00:00Z,VGK,VAN,,,
2026020040,2026-10-05,2026-10-05T23:00:00Z,PHI,TBL,,,
2026020041,2026-10-05,2026-10-05T23:30:00Z,OTT,BOS,,,
2026020042,2026-10-05,2026-10-05T23:30:00Z,WPG,PIT,,,
2026020043,2026-10-05,2026-10-06T00:00:00Z,SJS,DAL,,,
2026020044,2026-10-06,2026-10-06T23:00:00Z,NSH,TOR,,,
2026020045,2026-10-06,2026-10-06T23:00:00Z,CAR,MTL,,,
2026020046,2026-10-06,2026-10-06T23:00:00Z,OTT,DET,,,
2026020047,2026-10-06,2026-10-06T23:00:00Z,UTA,NJD,,,
2026020048,2026-10-06,2026-10-06T23:30:00Z,NYI,NYR,,,
2026020049,2026-10-06,2026-10-06T23:00:00Z,MIN,BUF,,,
2026020050,2026-10-06,2026-10-07T00:00:00Z,STL,CHI,,,
2026020051,2026-10-06,2026-10-07T01:40:00Z,VGK,SEA,,,
2026020052,2026-10-06,2026-10-07T02:00:00Z,FLA,LAK,,,
2026020053,2026-10-07,2026-10-07T23:30:00Z,PIT,WSH,,,
2026020054,2026-10-07,2026-10-07T23:30:00Z,COL,WPG,,,
2026020055,2026-10-07,2026-10-08T02:00:00Z,EDM,ANA,,,
2026020056,2026-10-08,2026-10-08T23:00:00Z,UTA,BOS,,,
2026020057,2026-10-08,2026-10-08T23:00:00Z,DAL,BUF,,,
2026020058,2026-10-08,2026-10-08T23:00:00Z,NSH,MTL,,,
2026020059,2026-10-08,2026-10-08T23:00:00Z,PHI,OTT,,,
2026020060,2026-10-08,2026-10-08T23:00:00Z,MIN,TBL,,,
2026020061,2026-10-08,2026-10-08T23:00:00Z,VAN,CAR,,,
2026020062,2026-10-08,2026-10-08T23:30:00Z,CHI,NYI,,,
2026020063,2026-10-08,2026-10-09T00:00:00Z,SJS,STL,,,
2026020064,2026-10-08,2026-10-09T01:00:00Z,COL,CGY,,,
2026020065,2026-10-08,2026-10-09T02:00:00Z,TOR,VGK,,,
2026020066,2026-10-09,2026-10-09T23:00:00Z,SEA,DET,,,
2026020067,2026-10-09,2026-10-09T23:00:00Z,NYR,WSH,,,
2026020068,2026-10-09,2026-10-09T23:00:00Z,PIT,CBJ,,,
2026020069,2026-10-09,2026-10-10T00:00:00Z,ANA,WPG,,,
2026020070,2026-10-10,2026-10-10T17:00:00Z,PHI,BOS,,,
2026020071,2026-10-10,2026-10-10T19:30:00Z,VAN,NJD,,,
2026020072,2026-10-10,2026-10-10T20:00:00Z,EDM,SJS,,,
2026020073,2026-10-10,2026-10-10T22:00:00Z,MIN,FLA,,,
2026020074,2026-10-10,2026-10-10T23:00:00Z,UTA,BUF,,,
2026020075,2026-10-10,2026-10-10T23:00:00Z,DET,MTL,,,
2026020076,2026-10-10,2026-10-10T23:00:00Z,NSH,OTT,,,
2026020077,2026-10-10,2026-10-10T23:00:00Z,DAL,PIT,,,
2026020078,2026-10-10,2026-10-10T23:00:00Z,CAR,CHI,,,
2026020079,2026-10-10,2026-10-10T23:00:00Z,CBJ,STL,,,
2026020080,2026-10-10,2026-10-10T23:00:00Z,TOR,COL,,,
2026020081,2026-10-10,2026-10-10T23:30:00Z,TBL,NYI,,,
2026020082,2026-10-10,2026-10-11T02:00:00Z,ANA,CGY,,,
2026020083,2026-10-10,2026-10-11T02:00:00Z,LAK,VGK,,,
2026020084,2026-10-11,2026-10-11T21:00:00Z,SEA,WSH,,,
2026020085,2026-10-11,2026-10-11T22:00:00Z,VAN,NYR,,,
2026020086,2026-10-11,2026-10-11T23:00:00Z,CAR,PHI,,,
2026020087,2026-10-12,2026-10-12T17:00:00Z,FLA,BUF,,,
2026020088,2026-10-12,2026-10-12T23:00:00Z,OTT,NJD,,,
2026020089,2026-10-12,2026-10-13T00:00:00Z,VGK,MIN,,,
2026020090,2026-10-13,2026-10-13T22:00:00Z,NJD,DET,,,
2026020091,2026-10-13,2026-10-13T22:15:00Z,FLA,CBJ,,,
2026020092,2026-10-13,2026-10-13T22:30:00Z,BUF,MTL,,,
2026020093,2026-10-13,2026-10-13T22:45:00Z,WSH,CAR,,,
2026020094,2026-10-13,2026-10-13T23:00:00Z,SEA,PHI,,,
2026020095,2026-10-13,2026-10-13T23:15:00Z,TBL,NYR,,,
2026020096,2026-10-13,2026-10-13T23:30:00Z,STL,OTT,,,
2026020097,2026-10-13,2026-10-13T23:45:00Z,VAN,NYI,,,
2026020098,2026-10-13,2026-10-14T00:00:00Z,PIT,CHI,,,
2026020099,2026-10-13,2026-10-14T00:15:00Z,MIN,WPG,,,
2026020100,2026-10-13,2026-10-14T00:30:00Z,COL,DAL,,,
2026020101,2026-10-13,2026-10-14T00:45:00Z,VGK,NSH,,,
2026020102,2026-10-13,2026-10-14T01:00:00Z,TOR,UTA,,,
2026020103,2026-10-13,2026-10-14T01:45:00Z,CGY,ANA,,,
2026020104,2026-10-13,2026-10-14T02:30:00Z,EDM,LAK,,,
2026020105,2026-10-13,2026-10-14T03:00:00Z,BOS,SJS,,,
2026020106,2026-10-14,2026-10-14T23:30:00Z,MTL,WSH,,,
2026020107,2026-10-14,2026-10-15T00:30:00Z,DAL,COL,,,
2026020108,2026-10-15,2026-10-15T23:00:00Z,BUF,TOR,,,
2026020109,2026-10-15,2026-10-15T23:00:00Z,NYI,OTT,,,
2026020110,2026-10-15,2026-10-15T23:30:00Z,PHI,DET,,,
2026020111,2026-10-15,2026-10-15T23:00:00Z,SEA,TBL,,,
2026020112,2026-10-15,2026-10-15T23:00:00Z,VAN,FLA,,,
2026020113,2026-10-15,2026-10-15T23:00:00Z,NYR,NJD,,,
2026020114,2026-10-15,2026-10-16T00:00:00Z,WPG,CHI,,,
2026020115,2026-10-15,2026-10-16T00:00:00Z,SJS,NSH,,,
2026020116,2026-10-15,2026-10-16T00:00:00Z,STL,MIN,,,
2026020117,2026-10-15,2026-10-16T01:00:00Z,UTA,EDM,,,
2026020118,2026-10-15,2026-10-16T02:00:00Z,CGY,VGK,,,
2026020119,2026-10-16,2026-10-17T01:00:00Z,PIT,COL,,,
2026020120,2026-10-16,2026-10-17T02:00:00Z,BOS,ANA,,,
2026020121,2026-10-17,2026-10-17T17:00:00Z,NJD,WSH,,,
2026020122,2026-10-17,2026-10-17T19:30:00Z,CAR,WPG,,,
2026020123,2026-10-17,2026-10-17T20:00:00Z,VAN,TBL,,,
2026020124,2026-10-17,2026-10-17T22:00:00Z,SEA,FLA,,,
2026020125,2026-10-17,2026-10-17T23:00:00Z,NYI,TOR,,,
2026020126,2026-10-17,2026-10-17T23:00:00Z,BUF,MTL,,,
2026020127,2026-10-17,2026-10-17T23:00:00Z,SJS,DET,,,
2026020128,2026-10-17,2026-10-17T23:00:00Z,OTT,PHI,,,
2026020129,2026-10-17,2026-10-17T23:00:00Z,NYR,CBJ,,,
2026020130,2026-10-17,2026-10-17T23:00:00Z,DAL,CHI,,,
2026020131,2026-10-17,2026-10-18T00:00:00Z,STL,NSH,,,
2026020132,2026-10-17,2026-10-18T01:00:00Z,BOS,LAK,,,
2026020133,2026-10-17,2026-10-18T02:00:00Z,EDM,UTA,,,
2026020134,2026-10-17,2026-10-18T02:00:00Z,PIT,VGK,,,
2026020135,2026-10-18,2026-10-18T22:00:00Z,CBJ,MIN,,,
2026020136,2026-10-18,2026-10-19T00:00:00Z,CAR,CGY,,,
2026020137,2026-10-19,2026-10-19T23:00:00Z,ANA,NYR,,,
2026020138,2026-10-19,2026-10-19T23:00:00Z,COL,PHI,,,
2026020139,2026-10-19,2026-10-19T23:30:00Z,SJS,TOR,,,
2026020140,2026-10-19,2026-10-20T01:00:00Z,PIT,UTA,,,
2026020141,2026-10-20,2026-10-20T23:00:00Z,SJS,MTL,,,
2026020142,2026-10-20,2026-10-20T23:00:00Z,COL,NJD,,,
2026020143,2026-10-20,2026-10-20T23:00:00Z,ANA,NYI,,,
2026020144,2026-10-20,2026-10-20T23:00:00Z,LAK,WSH,,,
2026020145,2026-10-20,2026-10-20T23:00:00Z,TOR,CBJ,,,
2026020146,2026-10-20,2026-10-21T00:00:00Z,WPG,STL,,,
2026020147,2026-10-20,2026-10-21T00:00:00Z,BOS,DAL,,,
2026020148,2026-10-20,2026-10-21T01:00:00Z,MIN,EDM,,,
2026020149,2026-10-20,2026-10-21T01:40:00Z,DET,SEA,,,
2026020150,2026-10-20,2026-10-21T02:00:00Z,CAR,VAN,,,
2026020151,2026-10-20,2026-10-21T02:30:00Z,TBL,VGK,,,
2026020152,2026-10-21,2026-10-21T23:30:00Z,PHI,BUF,,,
2026020153,2026-10-21,2026-10-21T23:30:00Z,FLA,OTT,,,
2026020154,2026-10-22,2026-10-22T23:00:00Z,NSH,BOS,,,
2026020155,2026-10-22,2026-10-22T23:00:00Z,NYR,TOR,,,
2026020156,2026-10-22,2026-10-22T23:00:00Z,SJS,OTT,,,
2026020157,2026-10-22,2026-10-22T23:00:00Z,ANA,NJD,,,
2026020158,2026-10-22,2026-10-22T23:00:00Z,FLA,PIT,,,
2026020159,2026-10-22,2026-10-22T23:30:00Z,LAK,NYI,,,
2026020160,2026-10-22,2026-10-23T00:00:00Z,VGK,STL,,,
2026020161,2026-10-22,2026-10-23T00:00:00Z,WPG,DAL,,,
2026020162,2026-10-22,2026-10-23T01:00:00Z,MIN,CGY,,,
2026020163,2026-10-22,2026-10-23T01:00:00Z,CAR,EDM,,,
2026020164,2026-10-22,2026-10-23T02:00:00Z,UTA,SEA,,,
2026020165,2026-10-22,2026-10-23T02:00:00Z,DET,VAN,,,
2026020166,2026-10-23,2026-10-24T00:00:00Z,MTL,CHI,,,
2026020167,2026-10-23,2026-10-24T01:00:00Z,TBL,COL,,,
2026020168,2026-10-24,2026-10-24T17:00:00Z,ANA,PHI,,,
2026020169,2026-10-24,2026-10-24T19:30:00Z,LAK,NJD,,,
2026020170,2026-10-24,2026-10-24T23:00:00Z,SJS,BOS,,,
2026020171,2026-10-24,2026-10-24T23:00:00Z,NYR,OTT,,,
2026020172,2026-10-24,2026-10-24T23:00:00Z,NSH,PIT,,,
2026020173,2026-10-24,2026-10-24T23:00:00Z,BUF,WSH,,,
2026020174,2026-10-24,2026-10-24T23:00:00Z,VGK,CBJ,,,
2026020175,2026-10-24,2026-10-24T23:00:00Z,CAR,STL,,,
2026020176,2026-10-24,2026-10-24T23:00:00Z,TOR,EDM,,,
2026020177,2026-10-24,2026-10-25T01:00:00Z,TBL,UTA,,,
2026020178,2026-10-24,2026-10-25T02:00:00Z,DET,CGY,,,
2026020179,2026-10-24,2026-10-25T02:00:00Z,MIN,SEA,,,
2026020180,2026-10-25,2026-10-25T19:00:00Z,FLA,CHI,,,
2026020181,2026-10-25,2026-10-25T22:00:00Z,NYI,DAL,,,
2026020182,2026-10-25,2026-10-25T23:00:00Z,MTL,WPG,,,
2026020183,2026-10-25,2026-10-26T00:00:00Z,COL,NSH,,,
2026020184,2026-10-25,2026-10-26T02:00:00Z,MIN,VAN,,,
2026020185,2026-10-26,2026-10-26T23:00:00Z,LAK,NYR,,,
2026020186,2026-10-26,2026-10-27T00:30:00Z,TOR,CGY,,,
2026020187,2026-10-26,2026-10-27T01:30:00Z,DET,EDM,,,
2026020188,2026-10-27,2026-10-27T23:00:00Z,CBJ,PHI,,,
2026020189,2026-10-27,2026-10-28T00:00:00Z,BOS,CAR,,,
2026020190,2026-10-27,2026-10-28T00:00:00Z,LAK,CHI,,,
2026020191,2026-10-27,2026-10-28T00:00:00Z,MTL,STL,,,
2026020192,2026-10-27,2026-10-28T00:00:00Z,NYI,NSH,,,
2026020193,2026-10-27,2026-10-28T00:00:00Z,NJD,DAL,,,
2026020194,2026-10-27,2026-10-28T00:00:00Z,FLA,WPG,,,
2026020195,2026-10-27,2026-10-28T01:00:00Z,MIN,UTA,,,
2026020196,2026-10-27,2026-10-28T02:00:00Z,OTT,VGK,,,
2026020197,2026-10-27,2026-10-28T02:00:00Z,VAN,ANA,,,
2026020198,2026-10-27,2026-10-28T02:30:00Z,BUF,SJS,,,
2026020199,2026-10-28,2026-10-28T23:30:00Z,PHI,WSH,,,
2026020200,2026-10-28,2026-10-29T00:30:00Z,CGY,EDM,,,
2026020201,2026-10-28,2026-10-29T01:00:00Z,NJD,COL,,,
2026020202,2026-10-28,2026-10-29T02:00:00Z,TOR,SEA,,,
2026020203,2026-10-29,2026-10-29T23:30:00Z,CHI,DET,,,
2026020204,2026-10-29,2026-10-29T23:00:00Z,WPG,TBL,,,
2026020205,2026-10-29,2026-10-29T23:00:00Z,UTA,PIT,,,
2026020206,2026-10-29,2026-10-29T23:00:00Z,CBJ,CAR,,,
2026020207,2026-10-29,2026-10-30T00:00:00Z,BOS,STL,,,
2026020208,2026-10-29,2026-10-30T00:00:00Z,WSH,NSH,,,
2026020209,2026-10-29,2026-10-30T00:00:00Z,MTL,DAL,,,
2026020210,2026-10-29,2026-10-30T00:00:00Z,NYI,MIN,,,
2026020211,2026-10-29,2026-10-30T02:00:00Z,BUF,ANA,,,
2026020212,2026-10-29,2026-10-30T02:00:00Z,OTT,LAK,,,
2026020213,2026-10-29,2026-10-30T02:00:00Z,VAN,SJS,,,
2026020214,2026-10-30,2026-10-30T22:00:00Z,NJD,VGK,,,
2026020215,2026-10-30,2026-10-30T23:00:00Z,WPG,FLA,,,
2026020216,2026-10-30,2026-10-31T00:00:00Z,SEA,CGY,,,
2026020217,2026-10-31,2026-10-31T17:00:00Z,CHI,BOS,,,
2026020218,2026-10-31,2026-10-31T17:00:00Z,STL,DET,,,
2026020219,2026-10-31,2026-10-31T18:00:00Z,TBL,NSH,,,
2026020220,2026-10-31,2026-10-31T18:00:00Z,EDM,NYI,,,
2026020221,2026-10-31,2026-10-31T20:00:00Z,BUF,LAK,,,
2026020222,2026-10-31,2026-10-31T20:00:00Z,OTT,SJS,,,
2026020223,2026-10-31,2026-10-31T23:00:00Z,PIT,MTL,,,
2026020224,2026-10-31,2026-10-31T23:00:00Z,TOR,VAN,,,
2026020225,2026-10-31,2026-11-01T00:00:00Z,CBJ,DAL,,,
2026020226,2026-10-31,2026-11-01T02:00:00Z,CGY,COL,,,
2026020227,2026-11-01,2026-11-01T18:00:00Z,WPG,CAR,,,
2026020228,2026-11-01,2026-11-01T20:30:00Z,MIN,WSH,,,
2026020229,2026-11-01,2026-11-01T21:00:00Z,UTA,PHI,,,
2026020230,2026-11-01,2026-11-01T23:00:00Z,EDM,NYR,,,
2026020231,2026-11-01,2026-11-02T01:00:00Z,OTT,ANA,,,
2026020232,2026-11-02,2026-11-03T00:00:00Z,VGK,BOS,,,
2026020233,2026-11-02,2026-11-03T00:00:00Z,DET,FLA,,,
2026020234,2026-11-02,2026-11-03T01:00:00Z,COL,CHI,,,
2026020235,2026-11-02,2026-11-03T02:00:00Z,CGY,SJS,,,
2026020236,2026-11-03,2026-11-04T00:00:00Z,UTA,TOR,,,
2026020237,2026-11-03,2026-11-04T00:00:00Z,WPG,MTL,,,
2026020238,2026-11-03,2026-11-04T00:00:00Z,DET,TBL,,,
2026020239,2026-11-03,2026-11-04T00:30:00Z,EDM,NJD,,,
2026020240,2026-11-03,2026-11-04T00:00:00Z,STL,NYR,,,
2026020241,2026-11-03,2026-11-04T00:00:00Z,MIN,PHI,,,
2026020242,2026-11-03,2026-11-04T00:00:00Z,VGK,PIT,,,
2026020243,2026-11-03,2026-11-04T00:00:00Z,DAL,WSH,,,
2026020244,2026-11-03,2026-11-04T00:00:00Z,COL,CBJ,,,
2026020245,2026-11-03,2026-11-04T01:00:00Z,CAR,NSH,,,
2026020246,2026-11-03,2026-11-04T02:00:00Z,ANA,VAN,,,
2026020247,2026-11-04,2026-11-05T00:30:00Z,OTT,BUF,,,
2026020248,2026-11-04,2026-11-05T00:30:00Z,CHI,FLA,,,
2026020249,2026-11-04,2026-11-05T03:00:00Z,SJS,LAK,,,
2026020250,2026-11-04,2026-11-05T03:00:00Z,CGY,SEA,,,
2026020251,2026-11-05,2026-11-06T00:00:00Z,UTA,MTL,,,
2026020252,2026-11-05,2026-11-06T00:00:00Z,VGK,DET,,,
2026020253,2026-11-05,2026-11-06T00:00:00Z,CHI,TBL,,,
2026020254,2026-11-05,2026-11-06T00:00:00Z,STL,NJD,,,
2026020255,2026-11-05,2026-11-06T00:00:00Z,CAR,NYI,,,
2026020256,2026-11-05,2026-11-06T00:00:00Z,PHI,NYR,,,
2026020257,2026-11-05,2026-11-06T00:00:00Z,BOS,PIT,,,
2026020258,2026-11-05,2026-11-06T00:00:00Z,DAL,CBJ,,,
2026020259,2026-11-05,2026-11-06T00:00:00Z,VAN,WPG,,,
2026020260,2026-11-05,2026-11-06T01:00:00Z,ANA,EDM,,,
2026020261,2026-11-05,2026-11-06T02:30:00Z,NSH,COL,,,
2026020262,2026-11-06,2026-11-07T00:00:00Z,CBJ,BUF,,,
2026020263,2026-11-06,2026-11-07T01:00:00Z,SJS,MIN,,,
2026020264,2026-11-06,2026-11-07T01:00:00Z,ANA,CGY,,,
2026020265,2026-11-07,2026-11-07T17:30:00Z,FLA,WSH,,,
2026020266,2026-11-07,2026-11-07T18:00:00Z,STL,NSH,,,
2026020267,2026-11-07,2026-11-07T22:00:00Z,NYR,SEA,,,
2026020268,2026-11-07,2026-11-08T00:00:00Z,MTL,TOR,,,
2026020269,2026-11-07,2026-11-08T00:00:00Z,UTA,OTT,,,
2026020270,2026-11-07,2026-11-08T00:00:00Z,NJD,NYI,,,
2026020271,2026-11-07,2026-11-08T01:00:00Z,CHI,CAR,,,
2026020272,2026-11-07,2026-11-08T01:00:00Z,SJS,DAL,,,
2026020273,2026-11-07,2026-11-08T01:00:00Z,TBL,MIN,,,
2026020274,2026-11-07,2026-11-08T02:00:00Z,DET,COL,,,
2026020275,2026-11-07,2026-11-08T02:00:00Z,PIT,LAK,,,
2026020276,2026-11-07,2026-11-08T03:00:00Z,VAN,EDM,,,
2026020277,2026-11-08,2026-11-08T18:00:00Z,FLA,BOS,,,
2026020278,2026-11-08,2026-11-08T20:30:00Z,VGK,BUF,,,
2026020279,2026-11-08,2026-11-09T00:00:00Z,NJD,TOR,,,
2026020280,2026-11-08,2026-11-08T23:00:00Z,TBL,WPG,,,
2026020281,2026-11-08,2026-11-09T00:00:00Z,PHI,CGY,,,
2026020282,2026-11-08,2026-11-09T01:00:00Z,PIT,ANA,,,
2026020283,2026-11-09,2026-11-10T01:00:00Z,NYR,EDM,,,
2026020284,2026-11-09,2026-11-10T02:30:00Z,PHI,VAN,,,
2026020285,2026-11-09,2026-11-10T03:00:00Z,NYI,SJS,,,
2026020286,2026-11-10,2026-11-11T00:00:00Z,COL,TOR,,,
2026020287,2026-11-10,2026-11-11T00:00:00Z,MIN,MTL,,,
2026020288,2026-11-10,2026-11-11T00:00:00Z,WSH,OTT,,,
2026020289,2026-11-10,2026-11-11T00:30:00Z,FLA,CBJ,,,
2026020290,2026-11-10,2026-11-11T01:00:00Z,DET,STL,,,
2026020291,2026-11-10,2026-11-11T00:00:00Z,NJD,WPG,,,
2026020292,2026-11-10,2026-11-11T03:00:00Z,NSH,LAK,,,
2026020293,2026-11-11,2026-11-12T00:00:00Z,TBL,BUF,,,
2026020294,2026-11-11,2026-11-12T00:30:00Z,NYR,CGY,,,
2026020295,2026-11-11,2026-11-12T02:00:00Z,PHI,EDM,,,
2026020296,2026-11-11,2026-11-12T02:30:00Z,UTA,VGK,,,
2026020297,2026-11-11,2026-11-12T03:00:00Z,NSH,ANA,,,
2026020298,2026-11-11,2026-11-12T03:00:00Z,PIT,SJS,,,
2026020299,2026-11-12,2026-11-13T00:00:00Z,MTL,BOS,,,
2026020300,2026-11-12,2026-11-13T00:00:00Z,MIN,TOR,,,
2026020301,2026-11-12,2026-11-13T00:00:00Z,COL,OTT,,,
2026020302,2026-11-12,2026-11-13T00:30:00Z,DET,FLA,,,
2026020303,2026-11-12,2026-11-13T00:00:00Z,WSH,NJD,,,
2026020304,2026-11-12,2026-11-13T00:00:00Z,TBL,CBJ,,,
2026020305,2026-11-12,2026-11-13T01:00:00Z,BUF,CHI,,,
2026020306,2026-11-12,2026-11-13T01:00:00Z,WPG,DAL,,,
2026020307,2026-11-12,2026-11-13T02:00:00Z,STL,UTA,,,
2026020308,2026-11-12,2026-11-13T03:00:00Z,NYI,LAK,,,
2026020309,2026-11-12,2026-11-12T17:00:00Z,CAR,SEA,,,
2026020310,2026-11-13,2026-11-14T02:00:00Z,NYR,VAN,,,
2026020311,2026-11-13,2026-11-14T03:00:00Z,NSH,VGK,,,
2026020312,2026-11-14,2026-11-14T20:30:00Z,WPG,CHI,,,
2026020313,2026-11-14,2026-11-15T00:00:00Z,MIN,BOS,,,
2026020314,2026-11-14,2026-11-15T00:00:00Z,EDM,TOR,,,
2026020315,2026-11-14,2026-11-15T00:00:00Z,COL,MTL,,,
2026020316,2026-11-14,2026-11-15T00:00:00Z,DET,TBL,,,
2026020317,2026-11-14,2026-11-15T00:00:00Z,OTT,PIT,,,
2026020318,2026-11-14,2026-11-15T00:00:00Z,NJD,WSH,,,
2026020319,2026-11-14,2026-11-15T00:00:00Z,PHI,CBJ,,,
2026020320,2026-11-14,2026-11-15T00:00:00Z,FLA,STL,,,
2026020321,2026-11-14,2026-11-14T18:00:00Z,SEA,CAR,,,
2026020322,2026-11-14,2026-11-15T01:00:00Z,BUF,DAL,,,
2026020323,2026-11-14,2026-11-15T02:00:00Z,SJS,UTA,,,
2026020324,2026-11-14,2026-11-15T03:00:00Z,NYI,ANA,,,
2026020325,2026-11-14,2026-11-15T03:00:00Z,CGY,LAK,,,
2026020326,2026-11-15,2026-11-16T00:30:00Z,EDM,PHI,,,
2026020327,2026-11-15,2026-11-16T01:00:00Z,FLA,DAL,,,
2026020328,2026-11-15,2026-11-16T01:00:00Z,CGY,ANA,,,
2026020329,2026-11-15,2026-11-16T02:00:00Z,VAN,VGK,,,
2026020330,2026-11-15,2026-11-16T02:00:00Z,NSH,SJS,,,
2026020331,2026-11-16,2026-11-17T00:30:00Z,MTL,NYR,,,
2026020332,2026-11-16,2026-11-17T02:30:00Z,VAN,UTA,,,
2026020333,2026-11-17,2026-11-18T00:00:00Z,LAK,BOS,,,
2026020334,2026-11-17,2026-11-18T00:30:00Z,WSH,TBL,,,
2026020335,2026-11-17,2026-11-18T00:00:00Z,EDM,FLA,,,
2026020336,2026-11-17,2026-11-18T00:00:00Z,CBJ,NYI,,,
2026020337,2026-11-17,2026-11-18T00:00:00Z,BUF,PHI,,,
2026020338,2026-11-17,2026-11-18T00:30:00Z,TOR,CHI,,,
2026020339,2026-11-17,2026-11-18T01:00:00Z,ANA,STL,,,
2026020340,2026-11-17,2026-11-18T01:00:00Z,NSH,MIN,,,
2026020341,2026-11-17,2026-11-18T00:00:00Z,OTT,WPG,,,
2026020342,2026-11-17,2026-11-18T03:00:00Z,DAL,VGK,,,
2026020343,2026-11-17,2026-11-18T03:00:00Z,CGY,SJS,,,
2026020344,2026-11-18,2026-11-19T00:30:00Z,BOS,DET,,,
2026020345,2026-11-18,2026-11-19T00:30:00Z,MTL,NJD,,,
2026020346,2026-11-18,2026-11-19T02:00:00Z,COL,UTA,,,
2026020347,2026-11-19,2026-11-20T00:00:00Z,LAK,TOR,,,
2026020348,2026-11-19,2026-11-20T00:00:00Z,PHI,OTT,,,
2026020349,2026-11-19,2026-11-20T00:30:00Z,EDM,TBL,,,
2026020350,2026-11-19,2026-11-20T00:00:00Z,STL,PIT,,,
2026020351,2026-11-19,2026-11-20T00:00:00Z,BUF,WSH,,,
2026020352,2026-11-19,2026-11-20T00:00:00Z,MTL,CAR,,,
2026020353,2026-11-19,2026-11-20T01:00:00Z,CBJ,CHI,,,
2026020354,2026-11-19,2026-11-20T00:00:00Z,NYI,WPG,,,
2026020355,2026-11-19,2026-11-20T01:00:00Z,MIN,CGY,,,
2026020356,2026-11-19,2026-11-20T02:00:00Z,ANA,COL,,,
2026020357,2026-11-19,2026-11-20T02:40:00Z,VAN,SEA,,,
2026020358,2026-11-19,2026-11-20T03:00:00Z,DAL,VGK,,,
2026020359,2026-11-21,2026-11-21T18:00:00Z,EDM,CAR,,,
2026020360,2026-11-21,2026-11-21T20:30:00Z,CHI,CGY,,,
2026020361,2026-11-21,2026-11-21T23:00:00Z,BUF,FLA,,,
2026020362,2026-11-21,2026-11-21T23:00:00Z,PIT,NSH,,,
2026020363,2026-11-21,2026-11-22T00:00:00Z,WSH,BOS,,,
2026020364,2026-11-21,2026-11-22T00:00:00Z,CBJ,TOR,,,
2026020365,2026-11-21,2026-11-22T00:00:00Z,PHI,MTL,,,
2026020366,2026-11-21,2026-11-22T00:00:00Z,LAK,OTT,,,
2026020367,2026-11-21,2026-11-22T00:00:00Z,NYI,DET,,,
2026020368,2026-11-21,2026-11-22T00:00:00Z,NJD,STL,,,
2026020369,2026-11-21,2026-11-22T00:00:00Z,VGK,WPG,,,
2026020370,2026-11-21,2026-11-22T02:00:00Z,ANA,UTA,,,
2026020371,2026-11-21,2026-11-22T03:00:00Z,MIN,VAN,,,
2026020372,2026-11-21,2026-11-22T03:00:00Z,SEA,SJS,,,
2026020373,2026-11-22,2026-11-22T17:30:00Z,CAR,NYR,,,
2026020374,2026-11-22,2026-11-22T22:00:00Z,BUF,TBL,,,
2026020375,2026-11-22,2026-11-23T00:00:00Z,EDM,STL,,,
2026020376,2026-11-22,2026-11-23T00:00:00Z,PIT,DAL,,,
2026020377,2026-11-22,2026-11-23T01:00:00Z,CHI,VAN,,,
2026020378,2026-11-23,2026-11-24T00:00:00Z,CBJ,NJD,,,
2026020379,2026-11-23,2026-11-24T00:30:00Z,LAK,MTL,,,
2026020380,2026-11-23,2026-11-24T00:30:00Z,CGY,OTT,,,
2026020381,2026-11-23,2026-11-24T00:30:00Z,TOR,NYI,,,
2026020382,2026-11-23,2026-11-24T00:30:00Z,UTA,WPG,,,
2026020383,2026-11-23,2026-11-24T02:40:00Z,ANA,SEA,,,
2026020384,2026-11-23,2026-11-24T03:00:00Z,MIN,SJS,,,
2026020385,2026-11-24,2026-11-25T01:00:00Z,VGK,EDM,,,
2026020386,2026-11-25,2026-11-26T00:00:00Z,WPG,BOS,,,
2026020387,2026-11-25,2026-11-26T00:00:00Z,NYR,BUF,,,
2026020388,2026-11-25,2026-11-26T00:00:00Z,CAR,TBL,,,
2026020389,2026-11-25,2026-11-26T00:00:00Z,OTT,FLA,,,
2026020390,2026-11-25,2026-11-26T00:00:00Z,STL,NYI,,,
2026020391,2026-11-25,2026-11-26T00:00:00Z,CGY,PIT,,,
2026020392,2026-11-25,2026-11-26T00:00:00Z,PHI,WSH,,,
2026020393,2026-11-25,2026-11-26T00:00:00Z,NJD,CBJ,,,
2026020394,2026-11-25,2026-11-26T00:30:00Z,VAN,DET,,,
2026020395,2026-11-25,2026-11-26T01:00:00Z,NSH,DAL,,,
2026020396,2026-11-25,2026-11-26T01:00:00Z,UTA,MIN,,,
2026020397,2026-11-25,2026-11-26T02:30:00Z,MTL,COL,,,
2026020398,2026-11-25,2026-11-26T03:00:00Z,SJS,ANA,,,
2026020399,2026-11-25,2026-11-26T02:40:00Z,CHI,SEA,,,
2026020400,2026-11-27,2026-11-27T18:00:00Z,TOR,BOS,,,
2026020401,2026-11-27,2026-11-27T18:00:00Z,CGY,NJD,,,
2026020402,2026-11-27,2026-11-27T18:00:00Z,UTA,NSH,,,
2026020403,2026-11-27,2026-11-27T19:00:00Z,DAL,STL,,,
2026020404,2026-11-27,2026-11-27T20:00:00Z,OTT,TBL,,,
2026020405,2026-11-27,2026-11-27T20:00:00Z,VAN,PHI,,,
2026020406,2026-11-27,2026-11-27T20:00:00Z,FLA,WSH,,,
2026020407,2026-11-27,2026-11-27T20:00:00Z,DET,CBJ,,,
2026020408,2026-11-27,2026-11-27T21:00:00Z,COL,MIN,,,
2026020409,2026-11-27,2026-11-27T21:00:00Z,LAK,ANA,,,
2026020410,2026-11-27,2026-11-27T21:00:00Z,VGK,SJS,,,
2026020411,2026-11-27,2026-11-27T22:30:00Z,NYR,CHI,,,
2026020412,2026-11-27,2026-11-28T00:30:00Z,WPG,NYI,,,
2026020413,2026-11-27,2026-11-28T01:00:00Z,PIT,BUF,,,
2026020414,2026-11-27,2026-11-28T01:00:00Z,SEA,EDM,,,
2026020415,2026-11-28,2026-11-28T21:00:00Z,MTL,VGK,,,
2026020416,2026-11-28,2026-11-28T23:00:00Z,TBL,FLA,,,
2026020417,2026-11-28,2026-11-29T00:00:00Z,NSH,DET,,,
2026020418,2026-11-28,2026-11-29T00:00:00Z,WPG,NJD,,,
2026020419,2026-11-28,2026-11-29T00:00:00Z,CGY,NYR,,,
2026020420,2026-11-28,2026-11-29T00:00:00Z,TOR,PIT,,,
2026020421,2026-11-28,2026-11-29T00:00:00Z,OTT,CAR,,,
2026020422,2026-11-28,2026-11-29T00:00:00Z,WSH,STL,,,
2026020423,2026-11-28,2026-11-29T00:30:00Z,NYI,PHI,,,
2026020424,2026-11-28,2026-11-29T01:00:00Z,UTA,DAL,,,
2026020425,2026-11-28,2026-11-29T02:00:00Z,SJS,COL,,,
2026020426,2026-11-28,2026-11-29T02:00:00Z,ANA,LAK,,,
2026020427,2026-11-28,2026-11-29T03:00:00Z,EDM,SEA,,,
2026020428,2026-11-29,2026-11-29T19:00:00Z,MIN,CHI,,,
2026020429,2026-11-29,2026-11-29T22:00:00Z,VAN,BOS,,,
2026020430,2026-11-30,2026-11-30T18:00:00Z,OTT,NSH,,,
2026020431,2026-11-30,2026-12-01T00:00:00Z,CAR,NYR,,,
2026020432,2026-11-30,2026-12-01T00:00:00Z,CBJ,PIT,,,
2026020433,2026-11-30,2026-12-01T00:30:00Z,PHI,TOR,,,
2026020434,2026-11-30,2026-12-01T00:30:00Z,CHI,WPG,,,
2026020435,2026-11-30,2026-12-01T02:30:00Z,MTL,UTA,,,
2026020436,2026-12-01,2026-12-02T00:00:00Z,CGY,DET,,,
2026020437,2026-12-01,2026-12-02T00:30:00Z,SJS,NJD,,,
2026020438,2026-12-01,2026-12-02T00:00:00Z,FLA,NYI,,,
2026020439,2026-12-01,2026-12-02T00:00:00Z,VAN,WSH,,,
2026020440,2026-12-01,2026-12-02T01:00:00Z,COL,BOS,,,
2026020441,2026-12-01,2026-12-02T01:00:00Z,BUF,EDM,,,
2026020442,2026-12-01,2026-12-02T02:40:00Z,DAL,SEA,,,
2026020443,2026-12-01,2026-12-02T03:00:00Z,MIN,ANA,,,
2026020444,2026-12-01,2026-12-02T03:00:00Z,VGK,LAK,,,
2026020445,2026-12-02,2026-12-03T00:30:00Z,TBL,MTL,,,
2026020446,2026-12-02,2026-12-03T01:00:00Z,PIT,STL,,,
2026020447,2026-12-02,2026-12-03T02:30:00Z,WPG,UTA,,,
2026020448,2026-12-03,2026-12-04T00:00:00Z,FLA,TOR,,,
2026020449,2026-12-03,2026-12-04T00:00:00Z,NJD,OTT,,,
2026020450,2026-12-03,2026-12-04T00:00:00Z,COL,DET,,,
2026020451,2026-12-03,2026-12-04T00:00:00Z,SJS,NYR,,,
2026020452,2026-12-03,2026-12-04T00:30:00Z,NYI,PHI,,,
2026020453,2026-12-03,2026-12-04T00:00:00Z,CBJ,CAR,,,
2026020454,2026-12-03,2026-12-04T01:00:00Z,CHI,NSH,,,
2026020455,2026-12-03,2026-12-04T01:00:00Z,BUF,CGY,,,
2026020456,2026-12-03,2026-12-04T01:00:00Z,WSH,EDM,,,
2026020457,2026-12-03,2026-12-04T03:00:00Z,DAL,SEA,,,
2026020458,2026-12-03,2026-12-04T03:00:00Z,UTA,VGK,,,
2026020459,2026-12-03,2026-12-04T03:00:00Z,MIN,LAK,,,
2026020460,2026-12-04,2026-12-05T00:00:00Z,SJS,NYI,,,
2026020461,2026-12-04,2026-12-05T01:00:00Z,CHI,STL,,,
2026020462,2026-12-04,2026-12-05T02:00:00Z,BUF,VAN,,,
2026020463,2026-12-04,2026-12-05T03:00:00Z,SEA,ANA,,,
2026020464,2026-12-05,2026-12-05T18:00:00Z,DET,BOS,,,
2026020465,2026-12-05,2026-12-05T18:00:00Z,FLA,MTL,,,
2026020466,2026-12-05,2026-12-05T19:00:00Z,CBJ,NSH,,,
2026020467,2026-12-05,2026-12-05T20:00:00Z,NJD,PIT,,,
2026020468,2026-12-05,2026-12-05T20:30:00Z,WSH,CGY,,,
2026020469,2026-12-05,2026-12-06T00:00:00Z,TBL,OTT,,,
2026020470,2026-12-05,2026-12-06T00:00:00Z,COL,NYR,,,
2026020471,2026-12-05,2026-12-06T00:00:00Z,TOR,CAR,,,
2026020472,2026-12-05,2026-12-06T00:00:00Z,WPG,VGK,,,
2026020473,2026-12-05,2026-12-06T01:00:00Z,PHI,MIN,,,
2026020474,2026-12-05,2026-12-06T03:00:00Z,UTA,LAK,,,
2026020475,2026-12-05,2026-12-06T03:00:00Z,DAL,VAN,,,
2026020476,2026-12-06,2026-12-06T20:00:00Z,SJS,PIT,,,
2026020477,2026-12-06,2026-12-06T22:00:00Z,NSH,STL,,,
2026020478,2026-12-06,2026-12-07T00:00:00Z,OTT,MTL,,,
2026020479,2026-12-06,2026-12-07T00:00:00Z,EDM,CHI,,,
2026020480,2026-12-06,2026-12-07T01:00:00Z,WPG,ANA,,,
2026020481,2026-12-06,2026-12-07T01:00:00Z,BUF,SEA,,,
2026020482,2026-12-07,2026-12-07T18:00:00Z,COL,NYI,,,
2026020483,2026-12-07,2026-12-08T00:00:00Z,CBJ,TBL,,,
2026020484,2026-12-07,2026-12-08T00:00:00Z,NJD,NYR,,,
2026020485,2026-12-07,2026-12-08T02:00:00Z,WSH,VAN,,,
2026020486,2026-12-08,2026-12-09T00:00:00Z,VGK,MTL,,,
2026020487,2026-12-08,2026-12-09T00:00:00Z,ANA,OTT,,,
2026020488,2026-12-08,2026-12-09T00:00:00Z,BOS,FLA,,,
2026020489,2026-12-08,2026-12-09T00:30:00Z,CHI,PIT,,,
2026020490,2026-12-08,2026-12-09T00:00:00Z,NYR,CAR,,,
2026020491,2026-12-08,2026-12-09T01:00:00Z,COL,STL,,,
2026020492,2026-12-08,2026-12-09T00:00:00Z,PHI,WPG,,,
2026020493,2026-12-08,2026-12-09T01:00:00Z,NSH,CGY,,,
2026020494,2026-12-08,2026-12-09T01:00:00Z,EDM,MIN,,,
2026020495,2026-12-08,2026-12-09T03:00:00Z,SEA,SJS,,,
2026020496,2026-12-09,2026-12-10T00:00:00Z,DET,NJD,,,
2026020497,2026-12-09,2026-12-10T00:30:00Z,TOR,DAL,,,
2026020498,2026-12-09,2026-12-10T02:30:00Z,SJS,LAK,,,
2026020499,2026-12-10,2026-12-11T00:00:00Z,EDM,BUF,,,
2026020500,2026-12-10,2026-12-11T00:00:00Z,ANA,MTL,,,
2026020501,2026-12-10,2026-12-11T00:00:00Z,VGK,OTT,,,
2026020502,2026-12-10,2026-12-11T00:00:00Z,BOS,TBL,,,
2026020503,2026-12-10,2026-12-11T00:00:00Z,PIT,FLA,,,
2026020504,2026-12-10,2026-12-11T00:00:00Z,CGY,NYI,,,
2026020505,2026-12-10,2026-12-11T00:00:00Z,MIN,CBJ,,,
2026020506,2026-12-10,2026-12-11T00:00:00Z,CHI,WPG,,,
2026020507,2026-12-10,2026-12-11T02:00:00Z,STL,UTA,,,
2026020508,2026-12-10,2026-12-11T02:00:00Z,NSH,VAN,,,
2026020509,2026-12-10,2026-12-11T02:30:00Z,WSH,SEA,,,
2026020510,2026-12-11,2026-12-12T00:00:00Z,NYR,DET,,,
2026020511,2026-12-11,2026-12-12T00:00:00Z,CGY,PHI,,,
2026020512,2026-12-11,2026-12-12T00:00:00Z,NYI,CAR,,,
2026020513,2026-12-11,2026-12-12T03:00:00Z,LAK,SJS,,,
2026020514,2026-12-12,2026-12-12T18:00:00Z,NJD,BOS,,,
2026020515,2026-12-12,2026-12-12T18:00:00Z,MTL,CBJ,,,
2026020516,2026-12-12,2026-12-12T20:30:00Z,PIT,TBL,,,
2026020517,2026-12-12,2026-12-12T20:30:00Z,WPG,MIN,,,
2026020518,2026-12-12,2026-12-13T00:00:00Z,ANA,BUF,,,
2026020519,2026-12-12,2026-12-13T00:00:00Z,VGK,TOR,,,
2026020520,2026-12-12,2026-12-13T00:00:00Z,EDM,OTT,,,
2026020521,2026-12-12,2026-12-13T00:00:00Z,FLA,DET,,,
2026020522,2026-12-12,2026-12-13T00:00:00Z,UTA,CHI,,,
2026020523,2026-12-12,2026-12-13T01:00:00Z,STL,DAL,,,
2026020524,2026-12-12,2026-12-13T02:00:00Z,WSH,COL,,,
2026020525,2026-12-12,2026-12-13T03:00:00Z,VAN,LAK,,,
2026020526,2026-12-12,2026-12-13T03:00:00Z,NSH,SEA,,,
2026020527,2026-12-13,2026-12-13T18:00:00Z,BOS,CAR,,,
2026020528,2026-12-13,2026-12-13T23:00:00Z,CBJ,NYR,,,
2026020529,2026-12-13,2026-12-14T00:00:00Z,ANA,TOR,,,
2026020530,2026-12-13,2026-12-14T01:00:00Z,TBL,STL,,,
2026020531,2026-12-14,2026-12-14T19:00:00Z,BUF,OTT,,,
2026020532,2026-12-14,2026-12-15T00:00:00Z,FLA,PHI,,,
2026020533,2026-12-14,2026-12-15T00:30:00Z,EDM,MTL,,,
2026020534,2026-12-14,2026-12-15T02:00:00Z,UTA,COL,,,
2026020535,2026-12-14,2026-12-15T03:00:00Z,VAN,SJS,,,
2026020536,2026-12-15,2026-12-16T00:00:00Z,FLA,BOS,,,
2026020537,2026-12-15,2026-12-16T00:00:00Z,CGY,BUF,,,
2026020538,2026-12-15,2026-12-16T00:30:00Z,LAK,DET,,,
2026020539,2026-12-15,2026-12-16T00:00:00Z,NYR,NJD,,,
2026020540,2026-12-15,2026-12-16T00:00:00Z,TBL,PIT,,,
2026020541,2026-12-15,2026-12-16T00:00:00Z,CAR,CBJ,,,
2026020542,2026-12-15,2026-12-16T01:00:00Z,WPG,STL,,,
2026020543,2026-12-15,2026-12-16T01:00:00Z,SEA,NSH,,,
2026020544,2026-12-15,2026-12-16T01:00:00Z,TOR,MIN,,,
2026020545,2026-12-15,2026-12-16T02:00:00Z,NYI,UTA,,,
2026020546,2026-12-15,2026-12-16T02:30:00Z,WSH,DAL,,,
2026020547,2026-12-16,2026-12-17T00:30:00Z,NYR,PHI,,,
2026020548,2026-12-16,2026-12-17T02:00:00Z,NYI,COL,,,
2026020549,2026-12-16,2026-12-17T02:00:00Z,VAN,ANA,,,
2026020550,2026-12-16,2026-12-17T03:00:00Z,SJS,VGK,,,
2026020551,2026-12-17,2026-12-18T00:00:00Z,STL,BOS,,,
2026020552,2026-12-17,2026-12-18T00:00:00Z,CGY,TBL,,,
2026020553,2026-12-17,2026-12-18T00:30:00Z,TOR,NJD,,,
2026020554,2026-12-17,2026-12-18T00:00:00Z,LAK,PIT,,,
2026020555,2026-12-17,2026-12-18T00:00:00Z,DET,WSH,,,
2026020556,2026-12-17,2026-12-18T00:00:00Z,SEA,CBJ,,,
2026020557,2026-12-17,2026-12-18T01:00:00Z,DAL,EDM,,,
2026020558,2026-12-17,2026-12-18T02:00:00Z,CAR,UTA,,,
2026020559,2026-12-18,2026-12-19T00:30:00Z,MTL,BUF,,,
2026020560,2026-12-18,2026-12-18T18:00:00Z,CHI,OTT,,,
2026020561,2026-12-18,2026-12-19T00:00:00Z,NSH,NYR,,,
2026020562,2026-12-18,2026-12-19T00:00:00Z,DET,PHI,,,
2026020563,2026-12-18,2026-12-19T00:00:00Z,SEA,PIT,,,
2026020564,2026-12-18,2026-12-19T01:00:00Z,ANA,MIN,,,
2026020565,2026-12-18,2026-12-19T02:00:00Z,CAR,COL,,,
2026020566,2026-12-18,2026-12-19T03:00:00Z,NYI,VGK,,,
2026020567,2026-12-19,2026-12-19T17:00:00Z,BOS,NJD,,,
2026020568,2026-12-19,2026-12-19T18:00:00Z,CGY,FLA,,,
2026020569,2026-12-19,2026-12-19T20:30:00Z,UTA,EDM,,,
2026020570,2026-12-19,2026-12-20T00:00:00Z,TBL,TOR,,,
2026020571,2026-12-19,2026-12-20T00:00:00Z,STL,WSH,,,
2026020572,2026-12-19,2026-12-20T00:00:00Z,LAK,CBJ,,,
2026020573,2026-12-19,2026-12-20T00:00:00Z,MTL,MIN,,,
2026020574,2026-12-19,2026-12-20T00:00:00Z,DAL,WPG,,,
2026020575,2026-12-19,2026-12-20T03:00:00Z,SJS,VAN,,,
2026020576,2026-12-20,2026-12-20T18:00:00Z,PHI,BOS,,,
2026020577,2026-12-20,2026-12-20T13:00:00Z,OTT,CHI,,,
2026020578,2026-12-20,2026-12-20T22:00:00Z,TBL,DET,,,
2026020579,2026-12-20,2026-12-20T23:00:00Z,LAK,BUF,,,
2026020580,2026-12-20,2026-12-20T22:00:00Z,DAL,WPG,,,
2026020581,2026-12-20,2026-12-21T00:00:00Z,NSH,NJD,,,
2026020582,2026-12-20,2026-12-21T00:00:00Z,NYR,NYI,,,
2026020583,2026-12-20,2026-12-21T00:00:00Z,ANA,EDM,,,
2026020584,2026-12-20,2026-12-21T01:00:00Z,SEA,COL,,,
2026020585,2026-12-21,2026-12-21T19:00:00Z,WSH,TOR,,,
2026020586,2026-12-21,2026-12-22T00:00:00Z,STL,FLA,,,
2026020587,2026-12-21,2026-12-22T00:00:00Z,CBJ,PHI,,,
2026020588,2026-12-21,2026-12-22T02:00:00Z,UTA,VAN,,,
2026020589,2026-12-21,2026-12-22T03:00:00Z,CAR,VGK,,,
2026020590,2026-12-22,2026-12-23T00:00:00Z,STL,TBL,,,
2026020591,2026-12-22,2026-12-23T00:00:00Z,BOS,NYI,,,
2026020592,2026-12-22,2026-12-23T00:00:00Z,NJD,NYR,,,
2026020593,2026-12-22,2026-12-23T00:00:00Z,BUF,PIT,,,
2026020594,2026-12-22,2026-12-23T00:00:00Z,MTL,CBJ,,,
2026020595,2026-12-22,2026-12-23T00:00:00Z,TOR,DET,,,
2026020596,2026-12-22,2026-12-23T01:00:00Z,WPG,NSH,,,
2026020597,2026-12-22,2026-12-23T01:00:00Z,CGY,DAL,,,
2026020598,2026-12-22,2026-12-23T01:00:00Z,LAK,MIN,,,
2026020599,2026-12-22,2026-12-23T02:40:00Z,SJS,SEA,,,
2026020600,2026-12-22,2026-12-23T02:30:00Z,VGK,ANA,,,
2026020601,2026-12-26,2026-12-26T23:00:00Z,TBL,FLA,,,
2026020602,2026-12-26,2026-12-27T00:00:00Z,NYI,BOS,,,
2026020603,2026-12-26,2026-12-27T00:00:00Z,NJD,BUF,,,
2026020604,2026-12-26,2026-12-27T00:00:00Z,TOR,MTL,,,
2026020605,2026-12-26,2026-12-27T01:00:00Z,CBJ,WSH,,,
2026020606,2026-12-26,2026-12-27T00:00:00Z,PIT,CAR,,,
2026020607,2026-12-26,2026-12-27T00:00:00Z,DET,NSH,,,
2026020608,2026-12-26,2026-12-27T00:00:00Z,WPG,MIN,,,
2026020609,2026-12-26,2026-12-27T03:00:00Z,VAN,CGY,,,
2026020610,2026-12-26,2026-12-27T03:00:00Z,UTA,LAK,,,
2026020611,2026-12-26,2026-12-27T03:00:00Z,VGK,SJS,,,
2026020612,2026-12-27,2026-12-27T20:00:00Z,PHI,CHI,,,
2026020613,2026-12-27,2026-12-27T23:00:00Z,EDM,CBJ,,,
2026020614,2026-12-27,2026-12-27T22:00:00Z,NYR,STL,,,
2026020615,2026-12-27,2026-12-28T00:00:00Z,DAL,MTL,,,
2026020616,2026-12-27,2026-12-28T00:00:00Z,BOS,NJD,,,
2026020617,2026-12-27,2026-12-28T00:00:00Z,OTT,NYI,,,
2026020618,2026-12-27,2026-12-28T01:00:00Z,COL,ANA,,,
2026020619,2026-12-28,2026-12-28T19:00:00Z,VGK,MIN,,,
2026020620,2026-12-28,2026-12-29T00:00:00Z,DET,BUF,,,
2026020621,2026-12-28,2026-12-29T00:00:00Z,NSH,FLA,,,
2026020622,2026-12-28,2026-12-29T00:00:00Z,EDM,WSH,,,
2026020623,2026-12-28,2026-12-29T00:00:00Z,TBL,CAR,,,
2026020624,2026-12-28,2026-12-29T00:30:00Z,SJS,WPG,,,
2026020625,2026-12-28,2026-12-29T02:30:00Z,LAK,VAN,,,
2026020626,2026-12-29,2026-12-30T00:00:00Z,CBJ,MTL,,,
2026020627,2026-12-29,2026-12-30T00:00:00Z,DAL,OTT,,,
2026020628,2026-12-29,2026-12-30T00:00:00Z,NSH,TBL,,,
2026020629,2026-12-29,2026-12-30T00:00:00Z,DET,NYR,,,
2026020630,2026-12-29,2026-12-30T00:00:00Z,CAR,PIT,,,
2026020631,2026-12-29,2026-12-30T01:00:00Z,VGK,CHI,,,
2026020632,2026-12-29,2026-12-30T01:00:00Z,SJS,CGY,,,
2026020633,2026-12-29,2026-12-30T02:00:00Z,STL,COL,,,
2026020634,2026-12-29,2026-12-30T02:00:00Z,NJD,UTA,,,
2026020635,2026-12-29,2026-12-30T02:40:00Z,PHI,SEA,,,
2026020636,2026-12-29,2026-12-30T03:00:00Z,TOR,ANA,,,
2026020637,2026-12-30,2026-12-30T21:00:00Z,WSH,NYI,,,
2026020638,2026-12-30,2026-12-31T00:00:00Z,BUF,FLA,,,
2026020639,2026-12-30,2026-12-31T00:30:00Z,EDM,BOS,,,
2026020640,2026-12-30,2026-12-31T02:30:00Z,SEA,VAN,,,
2026020641,2026-12-30,2026-12-31T03:00:00Z,TOR,LAK,,,
2026020642,2026-12-31,2026-12-31T19:00:00Z,PIT,OTT,,,
2026020643,2026-12-31,2026-12-31T19:00:00Z,CAR,DET,,,
2026020644,2026-12-31,2026-12-31T19:00:00Z,MTL,TBL,,,
2026020645,2026-12-31,2026-12-31T19:00:00Z,WSH,CBJ,,,
2026020646,2026-12-31,2026-12-31T20:00:00Z,STL,VGK,,,
2026020647,2026-12-31,2026-12-31T23:00:00Z,COL,UTA,,,
2026020648,2026-12-31,2027-01-01T01:00:00Z,WPG,CGY,,,
2026020649,2026-12-31,2027-01-01T02:00:00Z,NYR,DAL,,,
2026020650,2027-01-01,2027-01-01T19:00:00Z,FLA,NSH,,,
2026020651,2027-01-01,2027-01-01T20:00:00Z,BOS,CHI,,,
2026020652,2027-01-01,2027-01-01T21:00:00Z,NJD,ANA,,,
2026020653,2027-01-01,2027-01-01T21:00:00Z,PHI,SJS,,,
2026020654,2027-01-01,2027-01-01T23:00:00Z,MIN,PIT,,,
2026020655,2027-01-02,2027-01-02T20:30:00Z,EDM,DET,,,
2026020656,2027-01-02,2027-01-02T18:00:00Z,MTL,FLA,,,
2026020657,2027-01-02,2027-01-03T00:00:00Z,BUF,TBL,,,
2026020658,2027-01-02,2027-01-03T00:00:00Z,OTT,WSH,,,
2026020659,2027-01-02,2027-01-03T00:00:00Z,NSH,CAR,,,
2026020660,2027-01-02,2027-01-03T00:00:00Z,BOS,CBJ,,,
2026020661,2027-01-02,2027-01-03T00:00:00Z,STL,MIN,,,
2026020662,2027-01-02,2027-01-03T00:00:00Z,CGY,WPG,,,
2026020663,2027-01-02,2027-01-03T00:00:00Z,TOR,SJS,,,
2026020664,2027-01-02,2027-01-03T01:00:00Z,CHI,DAL,,,
2026020665,2027-01-02,2027-01-03T02:00:00Z,NJD,LAK,,,
2026020666,2027-01-02,2027-01-03T03:00:00Z,VAN,UTA,,,
2026020667,2027-01-02,2027-01-03T03:00:00Z,COL,VGK,,,
2026020668,2027-01-02,2027-01-03T03:00:00Z,NYI,SEA,,,
2026020669,2027-01-03,2027-01-03T20:00:00Z,EDM,PIT,,,
2026020670,2027-01-03,2027-01-03T23:00:00Z,CBJ,NYR,,,
2026020671,2027-01-03,2027-01-04T00:00:00Z,CGY,STL,,,
2026020672,2027-01-03,2027-01-04T01:00:00Z,PHI,ANA,,,
2026020673,2027-01-03,2027-01-04T01:00:00Z,VAN,SEA,,,
2026020674,2027-01-04,2027-01-05T00:30:00Z,WPG,BUF,,,
2026020675,2027-01-04,2027-01-05T00:30:00Z,CHI,MTL,,,
2026020676,2027-01-04,2027-01-05T00:30:00Z,TOR,WSH,,,
2026020677,2027-01-04,2027-01-05T01:00:00Z,DET,DAL,,,
2026020678,2027-01-04,2027-01-05T02:00:00Z,VGK,COL,,,
2026020679,2027-01-04,2027-01-05T03:00:00Z,PHI,LAK,,,
2026020680,2027-01-04,2027-01-05T03:00:00Z,NJD,SJS,,,
2026020681,2027-01-05,2027-01-06T00:00:00Z,STL,CAR,,,
2026020682,2027-01-05,2027-01-06T00:00:00Z,NYR,CBJ,,,
2026020683,2027-01-05,2027-01-06T00:30:00Z,BUF,BOS,,,
2026020684,2027-01-05,2027-01-06T00:30:00Z,EDM,NSH,,,
2026020685,2027-01-05,2027-01-06T01:00:00Z,FLA,CGY,,,
2026020686,2027-01-05,2027-01-06T02:00:00Z,OTT,UTA,,,
2026020687,2027-01-05,2027-01-06T02:00:00Z,NYI,VAN,,,
2026020688,2027-01-05,2027-01-06T02:40:00Z,TBL,SEA,,,
2026020689,2027-01-05,2027-01-06T03:00:00Z,MIN,ANA,,,
2026020690,2027-01-06,2027-01-07T00:30:00Z,BOS,MTL,,,
2026020691,2027-01-06,2027-01-07T02:30:00Z,OTT,COL,,,
2026020692,2027-01-06,2027-01-07T03:00:00Z,WSH,LAK,,,
2026020693,2027-01-06,2027-01-07T03:00:00Z,DAL,SJS,,,
2026020694,2027-01-07,2027-01-08T00:00:00Z,UTA,DET,,,
2026020695,2027-01-07,2027-01-08T00:00:00Z,CBJ,NJD,,,
2026020696,2027-01-07,2027-01-08T00:00:00Z,CHI,NYR,,,
2026020697,2027-01-07,2027-01-08T00:00:00Z,TOR,PHI,,,
2026020698,2027-01-07,2027-01-08T00:00:00Z,PIT,CAR,,,
2026020699,2027-01-07,2027-01-08T00:00:00Z,NSH,WPG,,,
2026020700,2027-01-07,2027-01-08T01:00:00Z,NYI,CGY,,,
2026020701,2027-01-07,2027-01-08T01:00:00Z,FLA,EDM,,,
2026020702,2027-01-07,2027-01-08T02:00:00Z,TBL,VAN,,,
2026020703,2027-01-07,2027-01-08T02:30:00Z,MIN,VGK,,,
2026020704,2027-01-08,2027-01-09T00:00:00Z,BUF,CBJ,,,
2026020705,2027-01-08,2027-01-09T01:00:00Z,OTT,STL,,,
2026020706,2027-01-08,2027-01-09T02:00:00Z,SEA,COL,,,
2026020707,2027-01-08,2027-01-09T03:00:00Z,DAL,ANA,,,
2026020708,2027-01-08,2027-01-09T03:00:00Z,WSH,SJS,,,
2026020709,2027-01-09,2027-01-09T17:00:00Z,CHI,NJD,,,
2026020710,2027-01-09,2027-01-09T20:30:00Z,TBL,CGY,,,
2026020711,2027-01-09,2027-01-09T20:30:00Z,NYI,EDM,,,
2026020712,2027-01-09,2027-01-10T00:00:00Z,CAR,BUF,,,
2026020713,2027-01-09,2027-01-10T00:00:00Z,PHI,TOR,,,
2026020714,2027-01-09,2027-01-10T00:00:00Z,PIT,MTL,,,
2026020715,2027-01-09,2027-01-10T00:00:00Z,BOS,DET,,,
2026020716,2027-01-09,2027-01-10T00:00:00Z,UTA,WPG,,,
2026020717,2027-01-09,2027-01-10T01:00:00Z,NSH,MIN,,,
2026020718,2027-01-09,2027-01-10T02:00:00Z,DAL,LAK,,,
2026020719,2027-01-09,2027-01-10T03:00:00Z,FLA,VAN,,,
2026020720,2027-01-09,2027-01-10T03:00:00Z,SEA,VGK,,,
2026020721,2027-01-09,2027-01-10T03:00:00Z,NYR,SJS,,,
2026020722,2027-01-10,2027-01-11T00:30:00Z,CHI,PHI,,,
2026020723,2027-01-10,2027-01-11T01:00:00Z,NSH,COL,,,
2026020724,2027-01-10,2027-01-10T20:30:00Z,WSH,ANA,,,
2026020725,2027-01-11,2027-01-12T00:30:00Z,WPG,TOR,,,
2026020726,2027-01-11,2027-01-12T01:30:00Z,TBL,EDM,,,
2026020727,2027-01-11,2027-01-12T03:00:00Z,NYR,LAK,,,
2026020728,2027-01-12,2027-01-13T00:00:00Z,CAR,BOS,,,
2026020729,2027-01-12,2027-01-13T00:00:00Z,NJD,BUF,,,
2026020730,2027-01-12,2027-01-13T00:00:00Z,COL,PIT,,,
2026020731,2027-01-12,2027-01-13T00:00:00Z,VGK,WSH,,,
2026020732,2027-01-12,2027-01-13T01:00:00Z,UTA,CHI,,,
2026020733,2027-01-12,2027-01-13T01:00:00Z,PHI,NSH,,,
2026020734,2027-01-12,2027-01-13T01:00:00Z,OTT,DAL,,,
2026020735,2027-01-12,2027-01-13T01:00:00Z,CBJ,CGY,,,
2026020736,2027-01-12,2027-01-13T02:40:00Z,FLA,SEA,,,
2026020737,2027-01-12,2027-01-13T03:00:00Z,NYR,ANA,,,
2026020738,2027-01-13,2027-01-14T00:00:00Z,NJD,MTL,,,
2026020739,2027-01-13,2027-01-14T00:30:00Z,PIT,NYI,,,
2026020740,2027-01-13,2027-01-14T02:00:00Z,DET,UTA,,,
2026020741,2027-01-13,2027-01-14T02:00:00Z,SJS,EDM,,,
2026020742,2027-01-13,2027-01-14T03:00:00Z,STL,LAK,,,
2026020743,2027-01-14,2027-01-15T00:00:00Z,DAL,BOS,,,
2026020744,2027-01-14,2027-01-15T00:30:00Z,COL,BUF,,,
2026020745,2027-01-14,2027-01-15T00:00:00Z,CHI,TOR,,,
2026020746,2027-01-14,2027-01-15T00:00:00Z,WPG,OTT,,,
2026020747,2027-01-14,2027-01-15T00:00:00Z,VGK,TBL,,,
2026020748,2027-01-14,2027-01-15T00:00:00Z,CAR,WSH,,,
2026020749,2027-01-14,2027-01-15T01:00:00Z,MTL,NSH,,,
2026020750,2027-01-14,2027-01-15T01:00:00Z,SJS,CGY,,,
2026020751,2027-01-14,2027-01-15T02:30:00Z,FLA,MIN,,,
2026020752,2027-01-14,2027-01-15T02:00:00Z,SEA,VAN,,,
2026020753,2027-01-14,2027-01-15T03:00:00Z,STL,ANA,,,
2026020754,2027-01-15,2027-01-16T00:00:00Z,DAL,NYI,,,
2026020755,2027-01-15,2027-01-16T00:00:00Z,PHI,CAR,,,
2026020756,2027-01-15,2027-01-16T01:00:00Z,CBJ,EDM,,,
2026020757,2027-01-15,2027-01-16T02:00:00Z,LAK,UTA,,,
2026020758,2027-01-16,2027-01-16T17:00:00Z,BOS,NYR,,,
2026020759,2027-01-16,2027-01-16T20:30:00Z,OTT,TBL,,,
2026020760,2027-01-16,2027-01-16T23:00:00Z,VGK,FLA,,,
2026020761,2027-01-16,2027-01-17T00:00:00Z,NSH,BUF,,,
2026020762,2027-01-16,2027-01-17T00:00:00Z,PIT,TOR,,,
2026020763,2027-01-16,2027-01-17T00:00:00Z,NYI,NJD,,,
2026020764,2027-01-16,2027-01-17T00:00:00Z,MTL,PHI,,,
2026020765,2027-01-16,2027-01-17T00:00:00Z,COL,WSH,,,
2026020766,2027-01-16,2027-01-17T00:00:00Z,DET,CHI,,,
2026020767,2027-01-16,2027-01-17T00:00:00Z,MIN,STL,,,
2026020768,2027-01-16,2027-01-17T00:00:00Z,ANA,WPG,,,
2026020769,2027-01-16,2027-01-17T03:00:00Z,LAK,CGY,,,
2026020770,2027-01-16,2027-01-17T03:00:00Z,CBJ,VAN,,,
2026020771,2027-01-16,2027-01-17T03:00:00Z,SJS,SEA,,,
2026020772,2027-01-17,2027-01-17T22:00:00Z,MIN,DET,,,
2026020773,2027-01-17,2027-01-17T23:00:00Z,DAL,NYR,,,
2026020774,2027-01-17,2027-01-17T23:00:00Z,VGK,CAR,,,
2026020775,2027-01-17,2027-01-18T00:00:00Z,WPG,EDM,,,
2026020776,2027-01-18,2027-01-18T19:00:00Z,MTL,BUF,,,
2026020777,2027-01-18,2027-01-18T18:30:00Z,TBL,BOS,,,
2026020778,2027-01-18,2027-01-18T20:00:00Z,NSH,NYI,,,
2026020779,2027-01-18,2027-01-18T20:00:00Z,VAN,COL,,,
2026020780,2027-01-18,2027-01-18T21:00:00Z,WSH,PIT,,,
2026020781,2027-01-18,2027-01-18T21:00:00Z,UTA,SJS,,,
2026020782,2027-01-18,2027-01-18T21:00:00Z,CBJ,SEA,,,
2026020783,2027-01-18,2027-01-19T00:30:00Z,STL,TOR,,,
2026020784,2027-01-18,2027-01-19T00:30:00Z,OTT,FLA,,,
2026020785,2027-01-18,2027-01-19T01:30:00Z,CGY,CHI,,,
2026020786,2027-01-19,2027-01-20T00:00:00Z,ANA,DET,,,
2026020787,2027-01-19,2027-01-20T00:00:00Z,DAL,NJD,,,
2026020788,2027-01-19,2027-01-20T00:00:00Z,PHI,NYR,,,
2026020789,2027-01-19,2027-01-20T00:00:00Z,MTL,WSH,,,
2026020790,2027-01-19,2027-01-20T00:00:00Z,MIN,WPG,,,
2026020791,2027-01-19,2027-01-20T03:00:00Z,SEA,LAK,,,
2026020792,2027-01-20,2027-01-20T19:00:00Z,VAN,NSH,,,
2026020793,2027-01-20,2027-01-21T00:00:00Z,BUF,NYI,,,
2026020794,2027-01-20,2027-01-21T00:30:00Z,TOR,OTT,,,
2026020795,2027-01-20,2027-01-21T02:00:00Z,BOS,COL,,,
2026020796,2027-01-20,2027-01-21T00:30:00Z,DAL,CHI,,,
2026020797,2027-01-20,2027-01-21T03:00:00Z,EDM,VGK,,,
2026020798,2027-01-21,2027-01-22T00:00:00Z,SEA,BUF,,,
2026020799,2027-01-21,2027-01-22T00:00:00Z,STL,MTL,,,
2026020800,2027-01-21,2027-01-22T00:00:00Z,CAR,FLA,,,
2026020801,2027-01-21,2027-01-22T00:00:00Z,TBL,NJD,,,
2026020802,2027-01-21,2027-01-22T00:00:00Z,NSH,PHI,,,
2026020803,2027-01-21,2027-01-22T00:00:00Z,ANA,PIT,,,
2026020804,2027-01-21,2027-01-22T00:00:00Z,CGY,CBJ,,,
2026020805,2027-01-21,2027-01-22T00:00:00Z,NYR,WPG,,,
2026020806,2027-01-21,2027-01-22T02:00:00Z,DET,MIN,,,
2026020807,2027-01-21,2027-01-22T03:00:00Z,EDM,LAK,,,
2026020808,2027-01-22,2027-01-23T00:00:00Z,NYI,WSH,,,
2026020809,2027-01-22,2027-01-23T01:00:00Z,VAN,CHI,,,
2026020810,2027-01-22,2027-01-23T01:00:00Z,COL,DAL,,,
2026020811,2027-01-22,2027-01-23T03:00:00Z,BOS,VGK,,,
2026020812,2027-01-23,2027-01-23T17:30:00Z,TBL,DET,,,
2026020813,2027-01-23,2027-01-23T20:30:00Z,CBJ,OTT,,,
2026020814,2027-01-23,2027-01-23T22:00:00Z,LAK,NSH,,,
2026020815,2027-01-23,2027-01-24T00:00:00Z,CGY,MTL,,,
2026020816,2027-01-23,2027-01-24T00:00:00Z,VAN,PIT,,,
2026020817,2027-01-23,2027-01-24T00:00:00Z,ANA,CAR,,,
2026020818,2027-01-23,2027-01-24T00:00:00Z,TOR,STL,,,
2026020819,2027-01-23,2027-01-24T00:30:00Z,SEA,NYI,,,
2026020820,2027-01-23,2027-01-24T00:30:00Z,NJD,PHI,,,
2026020821,2027-01-23,2027-01-24T01:00:00Z,NYR,MIN,,,
2026020822,2027-01-23,2027-01-24T02:00:00Z,BOS,UTA,,,
2026020823,2027-01-23,2027-01-24T03:00:00Z,EDM,SJS,,,
2026020824,2027-01-24,2027-01-24T20:00:00Z,BUF,WPG,,,
2026020825,2027-01-24,2027-01-24T22:00:00Z,ANA,CBJ,,,
2026020826,2027-01-24,2027-01-24T22:00:00Z,DAL,COL,,,
2026020827,2027-01-24,2027-01-24T23:00:00Z,LAK,FLA,,,
2026020828,2027-01-24,2027-01-25T00:00:00Z,WSH,NJD,,,
2026020829,2027-01-24,2027-01-25T00:00:00Z,VGK,CHI,,,
2026020830,2027-01-25,2027-01-26T00:00:00Z,PIT,DET,,,
2026020831,2027-01-25,2027-01-26T00:00:00Z,SEA,NYR,,,
2026020832,2027-01-25,2027-01-26T00:30:00Z,CAR,OTT,,,
2026020833,2027-01-25,2027-01-26T02:00:00Z,MIN,UTA,,,
2026020834,2027-01-26,2027-01-27T00:00:00Z,CBJ,BOS,,,
2026020835,2027-01-26,2027-01-27T00:00:00Z,CGY,TOR,,,
2026020836,2027-01-26,2027-01-27T00:00:00Z,CAR,MTL,,,
2026020837,2027-01-26,2027-01-27T00:00:00Z,LAK,TBL,,,
2026020838,2027-01-26,2027-01-27T00:00:00Z,SEA,NJD,,,
2026020839,2027-01-26,2027-01-27T00:00:00Z,FLA,PHI,,,
2026020840,2027-01-26,2027-01-27T00:00:00Z,NYI,PIT,,,
2026020841,2027-01-26,2027-01-27T01:00:00Z,CHI,STL,,,
2026020842,2027-01-26,2027-01-27T01:00:00Z,VGK,NSH,,,
2026020843,2027-01-26,2027-01-27T01:00:00Z,ANA,DAL,,,
2026020844,2027-01-26,2027-01-27T01:00:00Z,VAN,MIN,,,
2026020845,2027-01-26,2027-01-27T02:00:00Z,EDM,COL,,,
2026020846,2027-01-27,2027-01-28T00:30:00Z,TOR,DET,,,
2026020847,2027-01-27,2027-01-28T00:30:00Z,FLA,NYR,,,
2026020848,2027-01-27,2027-01-28T02:00:00Z,BUF,UTA,,,
2026020849,2027-01-28,2027-01-29T00:00:00Z,BOS,OTT,,,
2026020850,2027-01-28,2027-01-29T00:30:00Z,LAK,PHI,,,
2026020851,2027-01-28,2027-01-28T23:30:00Z,NYI,CAR,,,
2026020852,2027-01-28,2027-01-29T00:00:00Z,WPG,CBJ,,,
2026020853,2027-01-28,2027-01-29T01:00:00Z,COL,STL,,,
2026020854,2027-01-28,2027-01-29T01:00:00Z,VAN,DAL,,,
2026020855,2027-01-28,2027-01-29T01:00:00Z,MTL,CGY,,,
2026020856,2027-01-28,2027-01-29T01:00:00Z,NJD,EDM,,,
2026020857,2027-01-28,2027-01-29T02:00:00Z,SEA,MIN,,,
2026020858,2027-01-28,2027-01-29T03:00:00Z,BUF,VGK,,,
2026020859,2027-01-28,2027-01-29T03:00:00Z,CHI,ANA,,,
2026020860,2027-01-28,2027-01-29T03:00:00Z,NSH,SJS,,,
2026020861,2027-01-29,2027-01-30T00:00:00Z,FLA,DET,,,
2026020862,2027-01-29,2027-01-30T00:00:00Z,NYR,PIT,,,
2026020863,2027-01-29,2027-01-30T02:00:00Z,WSH,UTA,,,
2026020864,2027-01-30,2027-01-30T18:00:00Z,WPG,PHI,,,
2026020865,2027-01-30,2027-01-30T20:30:00Z,VAN,STL,,,
2026020866,2027-01-30,2027-01-30T20:30:00Z,NJD,CGY,,,
2026020867,2027-01-30,2027-01-30T21:00:00Z,CHI,SJS,,,
2026020868,2027-01-30,2027-01-30T22:00:00Z,BUF,COL,,,
2026020869,2027-01-30,2027-01-31T00:00:00Z,TOR,BOS,,,
2026020870,2027-01-30,2027-01-31T00:00:00Z,NYR,OTT,,,
2026020871,2027-01-30,2027-01-31T00:00:00Z,NYI,TBL,,,
2026020872,2027-01-30,2027-01-31T00:00:00Z,LAK,CAR,,,
2026020873,2027-01-30,2027-01-31T00:00:00Z,DET,CBJ,,,
2026020874,2027-01-30,2027-01-31T00:00:00Z,MTL,EDM,,,
2026020875,2027-01-30,2027-01-31T02:00:00Z,DAL,MIN,,,
2026020876,2027-01-30,2027-01-31T03:00:00Z,WSH,VGK,,,
2026020877,2027-01-30,2027-01-31T03:00:00Z,NSH,ANA,,,
2026020878,2027-01-31,2027-01-31T17:00:00Z,PHI,PIT,,,
2026020879,2027-01-31,2027-01-31T21:00:00Z,NJD,SEA,,,
2026020880,2027-01-31,2027-02-01T01:00:00Z,NSH,UTA,,,
2026020881,2027-02-01,2027-02-01T19:00:00Z,NYI,FLA,,,
2026020882,2027-02-01,2027-02-02T00:30:00Z,VGK,CGY,,,
2026020883,2027-02-01,2027-02-02T01:30:00Z,MTL,VAN,,,
2026020884,2027-02-02,2027-02-02T23:00:00Z,WPG,WSH,,,
2026020885,2027-02-02,2027-02-03T00:00:00Z,TBL,PIT,,,
2026020886,2027-02-02,2027-02-03T02:00:00Z,NSH,UTA,,,
2026020887,2027-02-03,2027-02-04T00:00:00Z,NYI,BUF,,,
2026020888,2027-02-03,2027-02-04T00:00:00Z,WSH,FLA,,,
2026020889,2027-02-03,2027-02-04T00:30:00Z,WPG,NYR,,,
2026020890,2027-02-03,2027-02-04T00:30:00Z,TBL,PHI,,,
2026020891,2027-02-03,2027-02-04T02:00:00Z,UTA,CGY,,,
2026020892,2027-02-03,2027-02-04T02:00:00Z,VGK,EDM,,,
2026020893,2027-02-03,2027-02-04T02:00:00Z,NJD,VAN,,,
2026020894,2027-02-03,2027-02-04T02:40:00Z,MTL,SEA,,,
2026020895,2027-02-08,2027-02-09T00:30:00Z,CBJ,TOR,,,
2026020896,2027-02-08,2027-02-09T01:00:00Z,LAK,DAL,,,
2026020897,2027-02-09,2027-02-10T00:00:00Z,CBJ,OTT,,,
2026020898,2027-02-09,2027-02-10T00:30:00Z,COL,CAR,,,
2026020899,2027-02-09,2027-02-10T01:00:00Z,LAK,STL,,,
2026020900,2027-02-09,2027-02-10T03:00:00Z,DET,ANA,,,
2026020901,2027-02-10,2027-02-11T00:30:00Z,BOS,TOR,,,
2026020902,2027-02-10,2027-02-11T03:00:00Z,CHI,SJS,,,
2026020903,2027-02-11,2027-02-12T00:00:00Z,OTT,CBJ,,,
2026020904,2027-02-11,2027-02-12T00:30:00Z,MIN,CAR,,,
2026020905,2027-02-11,2027-02-12T03:00:00Z,CHI,ANA,,,
2026020906,2027-02-11,2027-02-12T03:00:00Z,DET,LAK,,,
2026020907,2027-02-12,2027-02-13T00:00:00Z,DAL,TBL,,,
2026020908,2027-02-12,2027-02-13T00:00:00Z,COL,FLA,,,
2026020909,2027-02-12,2027-02-13T00:00:00Z,NYI,NYR,,,
2026020910,2027-02-12,2027-02-13T01:00:00Z,STL,EDM,,,
2026020911,2027-02-12,2027-02-13T02:00:00Z,CGY,UTA,,,
2026020912,2027-02-13,2027-02-13T18:00:00Z,WSH,MTL,,,
2026020913,2027-02-13,2027-02-13T18:00:00Z,ANA,NSH,,,
2026020914,2027-02-13,2027-02-13T21:00:00Z,DET,SJS,,,
2026020915,2027-02-13,2027-02-13T23:00:00Z,DAL,FLA,,,
2026020916,2027-02-13,2027-02-13T23:00:00Z,CHI,LAK,,,
2026020917,2027-02-13,2027-02-14T00:00:00Z,CBJ,BOS,,,
2026020918,2027-02-13,2027-02-14T00:00:00Z,TOR,OTT,,,
2026020919,2027-02-13,2027-02-14T00:00:00Z,COL,TBL,,,
2026020920,2027-02-13,2027-02-14T00:00:00Z,MIN,NYI,,,
2026020921,2027-02-13,2027-02-14T00:00:00Z,BUF,CAR,,,
2026020922,2027-02-13,2027-02-14T00:00:00Z,PIT,EDM,,,
2026020923,2027-02-13,2027-02-14T00:30:00Z,NJD,PHI,,,
2026020924,2027-02-13,2027-02-14T03:00:00Z,WPG,VAN,,,
2026020925,2027-02-13,2027-02-14T03:00:00Z,CGY,VGK,,,
2026020926,2027-02-13,2027-02-14T03:00:00Z,STL,SEA,,,
2026020927,2027-02-14,2027-02-14T18:00:00Z,NYR,MTL,,,
2026020928,2027-02-14,2027-02-14T18:00:00Z,UTA,WSH,,,
2026020929,2027-02-15,2027-02-15T19:00:00Z,ANA,BOS,,,
2026020930,2027-02-15,2027-02-15T20:00:00Z,UTA,NYI,,,
2026020931,2027-02-15,2027-02-15T23:00:00Z,BUF,NYR,,,
2026020932,2027-02-15,2027-02-15T20:00:00Z,CBJ,COL,,,
2026020933,2027-02-15,2027-02-15T21:00:00Z,PIT,SEA,,,
2026020934,2027-02-15,2027-02-16T00:30:00Z,OTT,MIN,,,
2026020935,2027-02-15,2027-02-16T00:30:00Z,WPG,SJS,,,
2026020936,2027-02-15,2027-02-16T01:00:00Z,PHI,STL,,,
2026020937,2027-02-15,2027-02-16T03:00:00Z,DET,VGK,,,
2026020938,2027-02-15,2027-02-16T03:00:00Z,CGY,LAK,,,
2026020939,2027-02-16,2027-02-17T00:00:00Z,CAR,TOR,,,
2026020940,2027-02-16,2027-02-17T00:30:00Z,FLA,TBL,,,
2026020941,2027-02-16,2027-02-17T00:00:00Z,ANA,WSH,,,
2026020942,2027-02-16,2027-02-17T01:00:00Z,NJD,NSH,,,
2026020943,2027-02-16,2027-02-17T01:00:00Z,MIN,DAL,,,
2026020944,2027-02-16,2027-02-17T02:00:00Z,PIT,VAN,,,
2026020945,2027-02-17,2027-02-18T00:30:00Z,STL,CHI,,,
2026020946,2027-02-17,2027-02-18T00:30:00Z,LAK,WPG,,,
2026020947,2027-02-17,2027-02-18T02:00:00Z,CBJ,UTA,,,
2026020948,2027-02-17,2027-02-18T02:00:00Z,BOS,CGY,,,
2026020949,2027-02-17,2027-02-18T02:00:00Z,COL,EDM,,,
2026020950,2027-02-17,2027-02-18T02:40:00Z,OTT,SEA,,,
2026020951,2027-02-18,2027-02-19T00:00:00Z,CAR,BUF,,,
2026020952,2027-02-18,2027-02-19T00:00:00Z,MTL,DET,,,
2026020953,2027-02-18,2027-02-19T00:00:00Z,ANA,TBL,,,
2026020954,2027-02-18,2027-02-19T00:00:00Z,NJD,FLA,,,
2026020955,2027-02-18,2027-02-19T00:00:00Z,NYR,NYI,,,
2026020956,2027-02-18,2027-02-19T01:00:00Z,TOR,NSH,,,
2026020957,2027-02-18,2027-02-19T02:00:00Z,PHI,DAL,,,
2026020958,2027-02-18,2027-02-19T01:00:00Z,LAK,MIN,,,
2026020959,2027-02-18,2027-02-19T02:00:00Z,OTT,VAN,,,
2026020960,2027-02-18,2027-02-19T03:00:00Z,CBJ,VGK,,,
2026020961,2027-02-19,2027-02-20T00:00:00Z,SJS,WSH,,,
2026020962,2027-02-19,2027-02-20T00:00:00Z,DET,CAR,,,
2026020963,2027-02-19,2027-02-20T00:00:00Z,STL,WPG,,,
2026020964,2027-02-19,2027-02-20T01:00:00Z,PIT,CGY,,,
2026020965,2027-02-19,2027-02-20T01:00:00Z,BOS,EDM,,,
2026020966,2027-02-19,2027-02-20T02:00:00Z,SEA,UTA,,,
2026020967,2027-02-20,2027-02-20T17:30:00Z,NYR,PHI,,,
2026020968,2027-02-20,2027-02-20T18:30:00Z,BUF,NJD,,,
2026020969,2027-02-20,2027-02-20T20:00:00Z,MIN,CHI,,,
2026020970,2027-02-20,2027-02-20T22:00:00Z,ANA,FLA,,,
2026020971,2027-02-20,2027-02-20T22:00:00Z,NSH,CBJ,,,
2026020972,2027-02-20,2027-02-21T00:00:00Z,NYI,MTL,,,
2026020973,2027-02-20,2027-02-21T00:00:00Z,TOR,TBL,,,
2026020974,2027-02-20,2027-02-21T01:00:00Z,VGK,DAL,,,
2026020975,2027-02-20,2027-02-21T03:00:00Z,COL,VAN,,,
2026020976,2027-02-20,2027-02-21T03:30:00Z,SEA,LAK,,,
2026020977,2027-02-21,2027-02-21T18:00:00Z,NYR,CAR,,,
2026020978,2027-02-21,2027-02-21T20:30:00Z,BUF,DET,,,
2026020979,2027-02-21,2027-02-21T23:00:00Z,NJD,CHI,,,
2026020980,2027-02-21,2027-02-21T23:00:00Z,SJS,FLA,,,
2026020981,2027-02-21,2027-02-21T23:00:00Z,NSH,WSH,,,
2026020982,2027-02-21,2027-02-21T23:00:00Z,UTA,STL,,,
2026020983,2027-02-21,2027-02-21T22:00:00Z,PIT,WPG,,,
2026020984,2027-02-21,2027-02-22T00:00:00Z,OTT,CGY,,,
2026020985,2027-02-21,2027-02-22T01:00:00Z,BOS,VAN,,,
2026020986,2027-02-22,2027-02-22T19:00:00Z,MTL,PHI,,,
2026020987,2027-02-22,2027-02-23T00:00:00Z,NYI,CBJ,,,
2026020988,2027-02-22,2027-02-23T00:30:00Z,OTT,EDM,,,
2026020989,2027-02-22,2027-02-23T02:00:00Z,VGK,COL,,,
2026020990,2027-02-22,2027-02-23T02:40:00Z,BOS,SEA,,,
2026020991,2027-02-23,2027-02-24T00:00:00Z,DET,TOR,,,
2026020992,2027-02-23,2027-02-24T00:00:00Z,SJS,TBL,,,
2026020993,2027-02-23,2027-02-24T00:30:00Z,CAR,NJD,,,
2026020994,2027-02-23,2027-02-24T00:00:00Z,NYR,WSH,,,
2026020995,2027-02-23,2027-02-24T01:00:00Z,NYI,CHI,,,
2026020996,2027-02-23,2027-02-24T01:00:00Z,WPG,NSH,,,
2026020997,2027-02-23,2027-02-24T01:00:00Z,VAN,DAL,,,
2026020998,2027-02-23,2027-02-24T01:00:00Z,PIT,MIN,,,
2026020999,2027-02-24,2027-02-25T00:00:00Z,BUF,PHI,,,
2026021000,2027-02-24,2027-02-25T01:00:00Z,CGY,UTA,,,
2026021001,2027-02-24,2027-02-25T02:30:00Z,FLA,VGK,,,
2026021002,2027-02-24,2027-02-25T03:00:00Z,SEA,ANA,,,
2026021003,2027-02-24,2027-02-25T03:00:00Z,MTL,LAK,,,
2026021004,2027-02-25,2027-02-26T00:00:00Z,DET,OTT,,,
2026021005,2027-02-25,2027-02-26T00:00:00Z,TOR,PIT,,,
2026021006,2027-02-25,2027-02-26T00:00:00Z,SJS,CAR,,,
2026021007,2027-02-25,2027-02-26T01:00:00Z,WSH,BOS,,,
2026021008,2027-02-25,2027-02-26T01:00:00Z,VAN,STL,,,
2026021009,2027-02-25,2027-02-26T01:00:00Z,EDM,NSH,,,
2026021010,2027-02-25,2027-02-26T01:00:00Z,TBL,DAL,,,
2026021011,2027-02-25,2027-02-26T02:00:00Z,WPG,COL,,,
2026021012,2027-02-26,2027-02-27T00:30:00Z,OTT,BUF,,,
2026021013,2027-02-26,2027-02-27T00:00:00Z,PHI,NYI,,,
2026021014,2027-02-26,2027-02-27T00:00:00Z,WSH,NYR,,,
2026021015,2027-02-26,2027-02-27T00:00:00Z,NJD,CBJ,,,
2026021016,2027-02-26,2027-02-27T01:00:00Z,LAK,CHI,,,
2026021017,2027-02-26,2027-02-27T02:00:00Z,FLA,UTA,,,
2026021018,2027-02-26,2027-02-27T02:00:00Z,ANA,VGK,,,
2026021019,2027-02-27,2027-02-27T17:30:00Z,DET,BOS,,,
2026021020,2027-02-27,2027-02-27T20:00:00Z,EDM,DAL,,,
2026021021,2027-02-27,2027-02-27T21:00:00Z,MIN,STL,,,
2026021022,2027-02-27,2027-02-28T00:00:00Z,TOR,BUF,,,
2026021023,2027-02-27,2027-02-28T00:00:00Z,SJS,PHI,,,
2026021024,2027-02-27,2027-02-28T00:00:00Z,TBL,CAR,,,
2026021025,2027-02-27,2027-02-28T00:00:00Z,NYI,CBJ,,,
2026021026,2027-02-27,2027-02-28T00:00:00Z,FLA,COL,,,
2026021027,2027-02-27,2027-02-28T00:00:00Z,MTL,ANA,,,
2026021028,2027-02-27,2027-02-28T00:00:00Z,WPG,SEA,,,
2026021029,2027-02-27,2027-02-28T01:00:00Z,LAK,NSH,,,
2026021030,2027-02-27,2027-02-28T03:00:00Z,CGY,VAN,,,
2026021031,2027-02-28,2027-02-28T18:00:00Z,NYR,PIT,,,
2026021032,2027-02-28,2027-02-28T20:30:00Z,NJD,MIN,,,
2026021033,2027-02-28,2027-02-28T23:30:00Z,COL,CHI,,,
2026021034,2027-02-28,2027-03-01T00:00:00Z,UTA,TBL,,,
2026021035,2027-02-28,2027-03-01T02:00:00Z,DAL,STL,,,
2026021036,2027-03-01,2027-03-02T00:00:00Z,DET,TOR,,,
2026021037,2027-03-01,2027-03-02T00:00:00Z,WSH,NYI,,,
2026021038,2027-03-01,2027-03-02T00:00:00Z,CAR,CBJ,,,
2026021039,2027-03-01,2027-03-02T00:00:00Z,SEA,WPG,,,
2026021040,2027-03-01,2027-03-02T01:30:00Z,EDM,CHI,,,
2026021041,2027-03-01,2027-03-02T03:00:00Z,ANA,LAK,,,
2026021042,2027-03-01,2027-03-02T03:00:00Z,MTL,SJS,,,
2026021043,2027-03-02,2027-03-03T00:00:00Z,PIT,BUF,,,
2026021044,2027-03-02,2027-03-03T00:00:00Z,UTA,FLA,,,
2026021045,2027-03-02,2027-03-03T00:00:00Z,OTT,NJD,,,
2026021046,2027-03-02,2027-03-03T00:00:00Z,VGK,PHI,,,
2026021047,2027-03-02,2027-03-03T01:00:00Z,COL,NSH,,,
2026021048,2027-03-03,2027-03-03T23:30:00Z,SEA,TOR,,,
2026021049,2027-03-03,2027-03-04T00:00:00Z,BOS,NYR,,,
2026021050,2027-03-03,2027-03-04T00:00:00Z,CAR,WSH,,,
2026021051,2027-03-03,2027-03-04T01:00:00Z,MIN,DAL,,,
2026021052,2027-03-03,2027-03-04T01:30:00Z,EDM,CGY,,,
2026021053,2027-03-03,2027-03-04T03:00:00Z,CHI,VAN,,,
2026021054,2027-03-03,2027-03-04T03:00:00Z,TBL,LAK,,,
2026021055,2027-03-03,2027-03-04T03:00:00Z,CBJ,SJS,,,
2026021056,2027-03-04,2027-03-05T00:00:00Z,STL,BUF,,,
2026021057,2027-03-04,2027-03-05T00:00:00Z,SEA,MTL,,,
2026021058,2027-03-04,2027-03-05T00:00:00Z,BOS,OTT,,,
2026021059,2027-03-04,2027-03-04T23:00:00Z,NJD,DET,,,
2026021060,2027-03-04,2027-03-05T01:30:00Z,PIT,FLA,,,
2026021061,2027-03-04,2027-03-05T00:00:00Z,VGK,NYI,,,
2026021062,2027-03-04,2027-03-05T01:00:00Z,UTA,NSH,,,
2026021063,2027-03-05,2027-03-06T00:00:00Z,VGK,NJD,,,
2026021064,2027-03-05,2027-03-06T00:00:00Z,DAL,PHI,,,
2026021065,2027-03-05,2027-03-06T00:00:00Z,TOR,CAR,,,
2026021066,2027-03-05,2027-03-06T00:00:00Z,WSH,WPG,,,
2026021067,2027-03-05,2027-03-06T01:00:00Z,CHI,CGY,,,
2026021068,2027-03-05,2027-03-06T03:00:00Z,TBL,ANA,,,
2026021069,2027-03-05,2027-03-06T03:00:00Z,CBJ,LAK,,,
2026021070,2027-03-05,2027-03-06T03:00:00Z,COL,SJS,,,
2026021071,2027-03-06,2027-03-06T17:30:00Z,PIT,BOS,,,
2026021072,2027-03-06,2027-03-06T20:00:00Z,NYR,BUF,,,
2026021073,2027-03-06,2027-03-06T20:00:00Z,SEA,OTT,,,
2026021074,2027-03-06,2027-03-07T00:00:00Z,VAN,MTL,,,
2026021075,2027-03-06,2027-03-07T00:00:00Z,DAL,DET,,,
2026021076,2027-03-06,2027-03-07T00:00:00Z,TOR,FLA,,,
2026021077,2027-03-06,2027-03-07T01:00:00Z,MIN,NSH,,,
2026021078,2027-03-06,2027-03-07T03:00:00Z,CHI,EDM,,,
2026021079,2027-03-06,2027-03-07T03:00:00Z,TBL,SJS,,,
2026021080,2027-03-07,2027-03-07T18:00:00Z,PIT,NYI,,,
2026021081,2027-03-07,2027-03-07T20:30:00Z,STL,PHI,,,
2026021082,2027-03-07,2027-03-07T18:00:00Z,UTA,CAR,,,
2026021083,2027-03-07,2027-03-07T19:00:00Z,CGY,WPG,,,
2026021084,2027-03-07,2027-03-07T21:00:00Z,COL,LAK,,,
2026021085,2027-03-07,2027-03-07T20:00:00Z,BUF,OTT,,,
2026021086,2027-03-07,2027-03-08T00:00:00Z,VGK,NYR,,,
2026021087,2027-03-07,2027-03-08T01:00:00Z,CBJ,ANA,,,
2026021088,2027-03-07,2027-03-08T02:30:00Z,WSH,MIN,,,
2026021089,2027-03-08,2027-03-09T00:00:00Z,SEA,BOS,,,
2026021090,2027-03-08,2027-03-09T00:30:00Z,DAL,TOR,,,
2026021091,2027-03-08,2027-03-09T01:00:00Z,TBL,CHI,,,
2026021092,2027-03-09,2027-03-10T00:00:00Z,VAN,BUF,,,
2026021093,2027-03-09,2027-03-10T00:00:00Z,NJD,FLA,,,
2026021094,2027-03-09,2027-03-10T00:00:00Z,MTL,NYI,,,
2026021095,2027-03-09,2027-03-10T00:00:00Z,OTT,PIT,,,
2026021096,2027-03-09,2027-03-10T00:00:00Z,CGY,WSH,,,
2026021097,2027-03-09,2027-03-10T01:00:00Z,NSH,STL,,,
2026021098,2027-03-09,2027-03-10T01:00:00Z,CAR,MIN,,,
2026021099,2027-03-09,2027-03-10T00:00:00Z,DET,WPG,,,
2026021100,2027-03-09,2027-03-10T01:00:00Z,LAK,EDM,,,
2026021101,2027-03-09,2027-03-10T02:00:00Z,PHI,COL,,,
2026021102,2027-03-09,2027-03-10T02:00:00Z,NYR,UTA,,,
2026021103,2027-03-09,2027-03-10T03:30:00Z,SJS,VGK,,,
2026021104,2027-03-10,2027-03-11T00:30:00Z,BOS,MTL,,,
2026021105,2027-03-10,2027-03-11T01:00:00Z,WSH,CHI,,,
2026021106,2027-03-10,2027-03-11T01:00:00Z,ANA,DAL,,,
2026021107,2027-03-11,2027-03-12T00:00:00Z,MIN,OTT,,,
2026021108,2027-03-11,2027-03-12T00:00:00Z,NJD,TBL,,,
2026021109,2027-03-11,2027-03-12T00:30:00Z,BOS,PIT,,,
2026021110,2027-03-11,2027-03-12T00:00:00Z,VAN,CBJ,,,
2026021111,2027-03-11,2027-03-12T01:00:00Z,SJS,STL,,,
2026021112,2027-03-11,2027-03-12T00:00:00Z,TOR,WPG,,,
2026021113,2027-03-11,2027-03-12T01:00:00Z,NSH,EDM,,,
2026021114,2027-03-11,2027-03-12T02:00:00Z,NYR,COL,,,
2026021115,2027-03-11,2027-03-12T02:30:00Z,LAK,SEA,,,
2026021116,2027-03-11,2027-03-12T03:00:00Z,PHI,VGK,,,
2026021117,2027-03-12,2027-03-13T00:00:00Z,BUF,DET,,,
2026021118,2027-03-12,2027-03-13T00:00:00Z,NYI,FLA,,,
2026021119,2027-03-12,2027-03-13T00:00:00Z,CGY,CAR,,,
2026021120,2027-03-13,2027-03-13T20:00:00Z,WSH,PIT,,,
2026021121,2027-03-13,2027-03-13T20:30:00Z,NSH,WPG,,,
2026021122,2027-03-13,2027-03-13T23:00:00Z,CHI,COL,,,
2026021123,2027-03-13,2027-03-13T23:30:00Z,ANA,STL,,,
2026021124,2027-03-13,2027-03-14T00:00:00Z,CGY,BOS,,,
2026021125,2027-03-13,2027-03-14T00:00:00Z,VAN,TOR,,,
2026021126,2027-03-13,2027-03-14T00:00:00Z,MTL,OTT,,,
2026021127,2027-03-13,2027-03-14T00:00:00Z,NYI,TBL,,,
2026021128,2027-03-13,2027-03-14T00:00:00Z,NJD,CAR,,,
2026021129,2027-03-13,2027-03-14T00:00:00Z,SJS,CBJ,,,
2026021130,2027-03-13,2027-03-13T22:00:00Z,PHI,UTA,,,
2026021131,2027-03-13,2027-03-14T02:00:00Z,DAL,LAK,,,
2026021132,2027-03-13,2027-03-14T03:00:00Z,NYR,VGK,,,
2026021133,2027-03-13,2027-03-14T03:00:00Z,EDM,SEA,,,
2026021134,2027-03-14,2027-03-14T18:00:00Z,DET,PIT,,,
2026021135,2027-03-14,2027-03-14T20:30:00Z,ANA,CHI,,,
2026021136,2027-03-14,2027-03-14T21:00:00Z,VAN,OTT,,,
2026021137,2027-03-14,2027-03-14T23:00:00Z,BUF,MIN,,,
2026021138,2027-03-15,2027-03-15T19:00:00Z,TBL,WSH,,,
2026021139,2027-03-15,2027-03-15T23:00:00Z,NYI,BOS,,,
2026021140,2027-03-15,2027-03-15T23:00:00Z,SJS,BUF,,,
2026021141,2027-03-15,2027-03-15T23:30:00Z,FLA,TOR,,,
2026021142,2027-03-15,2027-03-16T01:00:00Z,DAL,UTA,,,
2026021143,2027-03-15,2027-03-16T01:30:00Z,EDM,COL,,,
2026021144,2027-03-15,2027-03-16T01:30:00Z,NSH,CGY,,,
2026021145,2027-03-15,2027-03-16T01:40:00Z,STL,SEA,,,
2026021146,2027-03-15,2027-03-16T02:00:00Z,WPG,VGK,,,
2026021147,2027-03-16,2027-03-16T23:00:00Z,FLA,MTL,,,
2026021148,2027-03-16,2027-03-16T23:00:00Z,OTT,NYR,,,
2026021149,2027-03-16,2027-03-16T23:00:00Z,DET,PHI,,,
2026021150,2027-03-16,2027-03-16T23:00:00Z,PIT,CBJ,,,
2026021151,2027-03-16,2027-03-17T00:00:00Z,SJS,CHI,,,
2026021152,2027-03-16,2027-03-17T02:30:00Z,CAR,ANA,,,
2026021153,2027-03-16,2027-03-17T02:00:00Z,WPG,LAK,,,
2026021154,2027-03-17,2027-03-17T23:00:00Z,NYI,WSH,,,
2026021155,2027-03-17,2027-03-17T23:30:00Z,TBL,TOR,,,
2026021156,2027-03-17,2027-03-18T00:30:00Z,MIN,COL,,,
2026021157,2027-03-17,2027-03-18T01:30:00Z,DAL,CGY,,,
2026021158,2027-03-17,2027-03-18T02:00:00Z,NSH,VAN,,,
2026021159,2027-03-17,2027-03-18T02:00:00Z,SEA,VGK,,,
2026021160,2027-03-18,2027-03-18T23:30:00Z,WSH,BUF,,,
2026021161,2027-03-18,2027-03-18T23:00:00Z,TBL,MTL,,,
2026021162,2027-03-18,2027-03-18T23:00:00Z,FLA,OTT,,,
2026021163,2027-03-18,2027-03-18T23:00:00Z,CBJ,DET,,,
2026021164,2027-03-18,2027-03-18T23:00:00Z,PIT,NJD,,,
2026021165,2027-03-18,2027-03-18T23:00:00Z,TOR,NYR,,,
2026021166,2027-03-18,2027-03-18T23:00:00Z,BOS,PHI,,,
2026021167,2027-03-18,2027-03-19T00:00:00Z,SJS,WPG,,,
2026021168,2027-03-18,2027-03-19T01:00:00Z,STL,EDM,,,
2026021169,2027-03-18,2027-03-19T02:00:00Z,UTA,ANA,,,
2026021170,2027-03-18,2027-03-19T02:00:00Z,CAR,LAK,,,
2026021171,2027-03-19,2027-03-20T00:00:00Z,CGY,MIN,,,
2026021172,2027-03-19,2027-03-20T02:00:00Z,CHI,UTA,,,
2026021173,2027-03-19,2027-03-20T02:00:00Z,COL,SEA,,,
2026021174,2027-03-20,2027-03-20T17:00:00Z,FLA,BUF,,,
2026021175,2027-03-20,2027-03-20T16:30:00Z,MTL,DET,,,
2026021176,2027-03-20,2027-03-20T19:00:00Z,PHI,NYI,,,
2026021177,2027-03-20,2027-03-20T19:30:00Z,DAL,EDM,,,
2026021178,2027-03-20,2027-03-20T21:00:00Z,BOS,NSH,,,
2026021179,2027-03-20,2027-03-20T23:00:00Z,TBL,OTT,,,
2026021180,2027-03-20,2027-03-20T23:00:00Z,TOR,NJD,,,
2026021181,2027-03-20,2027-03-20T23:00:00Z,CBJ,WPG,,,
2026021182,2027-03-20,2027-03-21T00:00:00Z,PIT,NYR,,,
2026021183,2027-03-20,2027-03-21T02:00:00Z,STL,VAN,,,
2026021184,2027-03-20,2027-03-21T02:30:00Z,VGK,ANA,,,
2026021185,2027-03-20,2027-03-21T02:30:00Z,CAR,SJS,,,
2026021186,2027-03-21,2027-03-21T18:00:00Z,UTA,MIN,,,
2026021187,2027-03-21,2027-03-21T19:00:00Z,BUF,NYI,,,
2026021188,2027-03-21,2027-03-21T21:00:00Z,CHI,COL,,,
2026021189,2027-03-21,2027-03-22T00:00:00Z,WSH,NYR,,,
2026021190,2027-03-21,2027-03-22T00:00:00Z,STL,CGY,,,
2026021191,2027-03-21,2027-03-22T00:00:00Z,LAK,SEA,,,
2026021192,2027-03-21,2027-03-22T01:00:00Z,EDM,VAN,,,
2026021193,2027-03-22,2027-03-22T23:00:00Z,CBJ,PIT,,,
2026021194,2027-03-22,2027-03-22T23:30:00Z,TOR,MTL,,,
2026021195,2027-03-22,2027-03-23T02:00:00Z,SJS,ANA,,,
2026021196,2027-03-23,2027-03-23T23:00:00Z,BUF,BOS,,,
2026021197,2027-03-23,2027-03-23T23:00:00Z,FLA,TBL,,,
2026021198,2027-03-23,2027-03-23T23:00:00Z,PHI,NJD,,,
2026021199,2027-03-23,2027-03-23T23:00:00Z,DET,WSH,,,
2026021200,2027-03-23,2027-03-24T00:00:00Z,NYR,NSH,,,
2026021201,2027-03-23,2027-03-24T00:00:00Z,CAR,DAL,,,
2026021202,2027-03-23,2027-03-24T00:00:00Z,CHI,MIN,,,
2026021203,2027-03-23,2027-03-24T00:00:00Z,STL,WPG,,,
2026021204,2027-03-23,2027-03-24T01:30:00Z,UTA,COL,,,
2026021205,2027-03-23,2027-03-24T01:00:00Z,EDM,CGY,,,
2026021206,2027-03-23,2027-03-24T01:40:00Z,VGK,SEA,,,
2026021207,2027-03-23,2027-03-24T02:00:00Z,LAK,VAN,,,
2026021208,2027-03-24,2027-03-24T23:30:00Z,OTT,MTL,,,
2026021209,2027-03-24,2027-03-24T23:30:00Z,WSH,DET,,,
2026021210,2027-03-24,2027-03-25T02:00:00Z,ANA,SJS,,,
2026021211,2027-03-25,2027-03-25T23:00:00Z,OTT,BOS,,,
2026021212,2027-03-25,2027-03-25T23:00:00Z,TOR,BUF,,,
2026021213,2027-03-25,2027-03-25T22:30:00Z,PHI,TBL,,,
2026021214,2027-03-25,2027-03-25T23:00:00Z,NYR,FLA,,,
2026021215,2027-03-25,2027-03-25T23:00:00Z,NJD,PIT,,,
2026021216,2027-03-25,2027-03-25T23:00:00Z,DAL,CAR,,,
2026021217,2027-03-25,2027-03-25T23:00:00Z,CHI,CBJ,,,
2026021218,2027-03-25,2027-03-26T00:00:00Z,NYI,STL,,,
2026021219,2027-03-25,2027-03-26T00:00:00Z,COL,WPG,,,
2026021220,2027-03-25,2027-03-26T01:00:00Z,EDM,MIN,,,
2026021221,2027-03-25,2027-03-26T01:00:00Z,LAK,CGY,,,
2026021222,2027-03-25,2027-03-26T01:40:00Z,ANA,SEA,,,
2026021223,2027-03-25,2027-03-26T02:00:00Z,VGK,VAN,,,
2026021224,2027-03-26,2027-03-26T23:00:00Z,BOS,WSH,,,
2026021225,2027-03-26,2027-03-27T00:00:00Z,NSH,CHI,,,
2026021226,2027-03-26,2027-03-27T01:00:00Z,SJS,UTA,,,
2026021227,2027-03-27,2027-03-27T19:30:00Z,LAK,EDM,,,
2026021228,2027-03-27,2027-03-27T18:00:00Z,SEA,MIN,,,
2026021229,2027-03-27,2027-03-27T20:00:00Z,ANA,VAN,,,
2026021230,2027-03-27,2027-03-27T22:00:00Z,PHI,FLA,,,
2026021231,2027-03-27,2027-03-27T23:00:00Z,OTT,TOR,,,
2026021232,2027-03-27,2027-03-27T23:00:00Z,NJD,MTL,,,
2026021233,2027-03-27,2027-03-27T23:00:00Z,NYR,TBL,,,
2026021234,2027-03-27,2027-03-27T23:00:00Z,CAR,PIT,,,
2026021235,2027-03-27,2027-03-27T23:00:00Z,STL,CBJ,,,
2026021236,2027-03-27,2027-03-27T23:00:00Z,WPG,COL,,,
2026021237,2027-03-27,2027-03-27T23:30:00Z,DET,NYI,,,
2026021238,2027-03-27,2027-03-28T00:00:00Z,NSH,DAL,,,
2026021239,2027-03-27,2027-03-28T02:00:00Z,VGK,CGY,,,
2026021240,2027-03-28,2027-03-28T18:00:00Z,SEA,CHI,,,
2026021241,2027-03-28,2027-03-28T23:00:00Z,WSH,TOR,,,
2026021242,2027-03-28,2027-03-28T22:00:00Z,DET,MTL,,,
2026021243,2027-03-28,2027-03-29T00:30:00Z,BUF,STL,,,
2026021244,2027-03-29,2027-03-29T23:00:00Z,CAR,NJD,,,
2026021245,2027-03-29,2027-03-29T23:00:00Z,MIN,NYR,,,
2026021246,2027-03-29,2027-03-30T01:30:00Z,VAN,LAK,,,
2026021247,2027-03-29,2027-03-30T02:00:00Z,COL,SJS,,,
2026021248,2027-03-30,2027-03-30T23:00:00Z,MTL,BOS,,,
2026021249,2027-03-30,2027-03-30T23:00:00Z,OTT,DET,,,
2026021250,2027-03-30,2027-03-30T23:00:00Z,TOR,TBL,,,
2026021251,2027-03-30,2027-03-30T23:00:00Z,CBJ,FLA,,,
2026021252,2027-03-30,2027-03-30T23:30:00Z,CAR,NYI,,,
2026021253,2027-03-30,2027-03-30T23:00:00Z,PIT,PHI,,,
2026021254,2027-03-30,2027-03-30T23:00:00Z,CHI,WSH,,,
2026021255,2027-03-30,2027-03-31T00:00:00Z,BUF,NSH,,,
2026021256,2027-03-30,2027-03-31T00:00:00Z,CGY,DAL,,,
2026021257,2027-03-30,2027-03-31T01:40:00Z,UTA,SEA,,,
2026021258,2027-03-30,2027-03-31T02:00:00Z,COL,ANA,,,
2026021259,2027-03-31,2027-03-31T23:30:00Z,MIN,NJD,,,
2026021260,2027-03-31,2027-04-01T00:30:00Z,SJS,EDM,,,
2026021261,2027-03-31,2027-04-01T02:00:00Z,WPG,LAK,,,
2026021262,2027-03-31,2027-04-01T02:30:00Z,VAN,VGK,,,
2026021263,2027-04-01,2027-04-01T23:00:00Z,NYR,MTL,,,
2026021264,2027-04-01,2027-04-01T23:00:00Z,CBJ,TBL,,,
2026021265,2027-04-01,2027-04-01T23:00:00Z,TOR,FLA,,,
2026021266,2027-04-01,2027-04-01T23:30:00Z,WSH,PHI,,,
2026021267,2027-04-01,2027-04-01T23:00:00Z,NYI,PIT,,,
2026021268,2027-04-01,2027-04-01T23:00:00Z,BOS,BUF,,,
2026021269,2027-04-01,2027-04-02T00:00:00Z,CGY,STL,,,
2026021270,2027-04-01,2027-04-02T00:00:00Z,CHI,NSH,,,
2026021271,2027-04-01,2027-04-02T01:00:00Z,ANA,UTA,,,
2026021272,2027-04-02,2027-04-02T23:00:00Z,CAR,DET,,,
2026021273,2027-04-02,2027-04-02T23:00:00Z,OTT,NYI,,,
2026021274,2027-04-02,2027-04-03T00:00:00Z,DAL,MIN,,,
2026021275,2027-04-02,2027-04-03T01:00:00Z,LAK,COL,,,
2026021276,2027-04-02,2027-04-03T02:00:00Z,EDM,VGK,,,
2026021277,2027-04-03,2027-04-03T16:30:00Z,FLA,NYR,,,
2026021278,2027-04-03,2027-04-03T19:00:00Z,TBL,BOS,,,
2026021279,2027-04-03,2027-04-03T19:30:00Z,CGY,NSH,,,
2026021280,2027-04-03,2027-04-03T21:00:00Z,CBJ,WSH,,,
2026021281,2027-04-03,2027-04-03T21:00:00Z,NJD,CAR,,,
2026021282,2027-04-03,2027-04-03T22:00:00Z,CHI,DAL,,,
2026021283,2027-04-03,2027-04-03T23:00:00Z,BUF,TOR,,,
2026021284,2027-04-03,2027-04-03T23:00:00Z,WPG,SEA,,,
2026021285,2027-04-03,2027-04-04T00:00:00Z,PHI,PIT,,,
2026021286,2027-04-03,2027-04-04T02:00:00Z,VGK,UTA,,,
2026021287,2027-04-03,2027-04-04T02:00:00Z,SJS,VAN,,,
2026021288,2027-04-03,2027-04-04T02:00:00Z,EDM,ANA,,,
2026021289,2027-04-03,2027-04-04T02:30:00Z,STL,LAK,,,
2026021290,2027-04-04,2027-04-04T18:00:00Z,COL,MIN,,,
2026021291,2027-04-04,2027-04-04T20:30:00Z,FLA,NJD,,,
2026021292,2027-04-04,2027-04-04T19:00:00Z,DET,OTT,,,
2026021293,2027-04-04,2027-04-04T23:00:00Z,PIT,WSH,,,
2026021294,2027-04-04,2027-04-04T23:30:00Z,MTL,NYI,,,
2026021295,2027-04-04,2027-04-05T01:30:00Z,STL,SJS,,,
2026021296,2027-04-05,2027-04-05T18:00:00Z,PHI,CAR,,,
2026021297,2027-04-05,2027-04-05T23:00:00Z,TBL,BUF,,,
2026021298,2027-04-05,2027-04-05T23:00:00Z,BOS,TOR,,,
2026021299,2027-04-05,2027-04-06T00:00:00Z,SEA,DAL,,,
2026021300,2027-04-05,2027-04-06T01:30:00Z,WPG,UTA,,,
2026021301,2027-04-05,2027-04-06T01:30:00Z,CGY,EDM,,,
2026021302,2027-04-06,2027-04-06T23:15:00Z,MTL,FLA,,,
2026021303,2027-04-06,2027-04-06T23:30:00Z,TBL,NJD,,,
2026021304,2027-04-06,2027-04-06T23:45:00Z,WSH,CBJ,,,
2026021305,2027-04-06,2027-04-06T23:30:00Z,DET,NYI,,,
2026021306,2027-04-06,2027-04-06T23:00:00Z,PIT,NYR,,,
2026021307,2027-04-06,2027-04-07T00:00:00Z,SEA,NSH,,,
2026021308,2027-04-06,2027-04-07T00:00:00Z,CHI,MIN,,,
2026021309,2027-04-06,2027-04-07T02:00:00Z,COL,VAN,,,
2026021310,2027-04-06,2027-04-07T02:30:00Z,STL,VGK,,,
2026021311,2027-04-06,2027-04-07T02:15:00Z,LAK,ANA,,,
2026021312,2027-04-07,2027-04-07T23:30:00Z,BOS,BUF,,,
2026021313,2027-04-07,2027-04-07T23:00:00Z,OTT,CAR,,,
2026021314,2027-04-07,2027-04-08T00:00:00Z,EDM,WPG,,,
2026021315,2027-04-07,2027-04-08T01:00:00Z,DAL,UTA,,,
2026021316,2027-04-08,2027-04-08T23:00:00Z,WSH,OTT,,,
2026021317,2027-04-08,2027-04-08T23:00:00Z,MTL,TBL,,,
2026021318,2027-04-08,2027-04-08T23:00:00Z,NYI,NJD,,,
2026021319,2027-04-08,2027-04-08T23:30:00Z,PHI,CBJ,,,
2026021320,2027-04-08,2027-04-09T00:00:00Z,NSH,CHI,,,
2026021321,2027-04-08,2027-04-09T00:00:00Z,SEA,STL,,,
2026021322,2027-04-08,2027-04-09T01:00:00Z,COL,CGY,,,
2026021323,2027-04-08,2027-04-09T02:00:00Z,MIN,SJS,,,
2026021324,2027-04-08,2027-04-09T02:00:00Z,VGK,LAK,,,
2026021325,2027-04-09,2027-04-09T23:00:00Z,PIT,DET,,,
2026021326,2027-04-09,2027-04-09T23:00:00Z,BOS,FLA,,,
2026021327,2027-04-09,2027-04-09T23:00:00Z,VAN,WPG,,,
2026021328,2027-04-09,2027-04-10T00:00:00Z,UTA,DAL,,,
2026021329,2027-04-10,2027-04-10T16:30:00Z,WSH,PHI,,,
2026021330,2027-04-10,2027-04-10T19:00:00Z,MIN,COL,,,
2026021331,2027-04-10,2027-04-10T20:00:00Z,ANA,SJS,,,
2026021332,2027-04-10,2027-04-10T21:00:00Z,CBJ,NYI,,,
2026021333,2027-04-10,2027-04-10T22:00:00Z,DET,BUF,,,
2026021334,2027-04-10,2027-04-10T22:00:00Z,CAR,FLA,,,
2026021335,2027-04-10,2027-04-10T22:00:00Z,PIT,NJD,,,
2026021336,2027-04-10,2027-04-10T22:00:00Z,SEA,CHI,,,
2026021337,2027-04-10,2027-04-10T23:00:00Z,DAL,NSH,,,
2026021338,2027-04-10,2027-04-10T23:00:00Z,MTL,OTT,,,
2026021339,2027-04-10,2027-04-10T23:00:00Z,TOR,NYR,,,
2026021340,2027-04-10,2027-04-10T23:00:00Z,UTA,STL,,,
2026021341,2027-04-10,2027-04-11T00:00:00Z,BOS,TBL,,,
2026021342,2027-04-10,2027-04-11T02:00:00Z,VAN,CGY,,,
2026021343,2027-04-10,2027-04-11T02:00:00Z,WPG,EDM,,,
2026021344,2027-04-10,2027-04-11T02:30:00Z,LAK,VGK,,,
